"Model","Base_lDDT","Base_Tmscore","Base_GDT_TS","CASP_lDDT","CASP_Tmscore","CASP_GDT_TS","R1M_plDDT","R1M_pTM","R1M_lDDT","R1M_Tmscore","R1S_plDDT","R1S_pTM","R1S_lDDT","R1S_Tmscore","R3M_plDDT","R3M_pTM","R3M_lDDT","R3M_Tmscore","R3S_plDDT","R3S_pTM","R3S_lDDT","R3S_Tmscore","R6M_plDDT","R6M_pTM","R6M_lDDT","R6M_Tmscore","R6S_plDDT","R6S_pTM","R6S_lDDT","R6S_Tmscore","R12M_plDDT","R12M_pTM","R12M_lDDT","R12M_Tmscore","R12S_plDDT","R12S_pTM","R12S_lDDT","R12S_Tmscore"
"T1027TS427_1-D1",43.35,0.4853,39.14,0.56,0.63,61.11,80.5,0.768,45.21,0.4867,84.8,0.81,43.92,0.4849,81.6,0.772,45.12,0.4858,84.5,0.808,43.86,0.4852,82.1,0.776,44.97,0.4857,84.4,0.805,43.89,0.4855,82.5,0.777,44.81,0.4855,84.3,0.804,43.91,0.4857
"T1029TS427_1-D1",47.27,0.4688,44.4,0.47,0.47,44.6,96.6,0.907,47.37,0.4686,97,0.906,47.29,0.4692,96.7,0.908,47.34,0.4685,96.9,0.904,47.29,0.4695,96.8,0.908,47.35,0.4684,96.7,0.902,47.4,0.4698,96.9,0.909,47.33,0.4683,96.6,0.901,47.4,0.4697
"T1031TS427_1-D1",71.42,0.8546,87.11,0.71,0.85,87.37,84.8,0.716,70.32,0.8441,92.3,0.809,72.18,0.8548,84.3,0.699,71.41,0.8534,91.5,0.799,72.06,0.8539,84,0.694,71.35,0.8509,91.2,0.776,72.04,0.853,83.4,0.681,71.1,0.8491,91.3,0.776,72.06,0.8531
"T1033TS427_1-D1",81.84,0.8888,87.75,0.82,0.89,87.5,91.5,0.832,83.49,0.9049,95.3,0.86,83.21,0.9039,91.8,0.819,83.02,0.9029,95.1,0.862,83.03,0.9031,91.8,0.818,82.83,0.9011,94.9,0.861,83.1,0.9032,92.1,0.821,82.65,0.8997,94.9,0.86,83.13,0.9036
"T1037TS427_1-D1",79.27,0.9585,87.31,0.79,0.96,87.62,94.9,0.935,79.25,0.9574,96.7,0.944,79.13,0.9573,95,0.929,79.12,0.9565,96.7,0.943,79.17,0.9572,95.2,0.93,79.09,0.9566,96.6,0.943,79.13,0.9572,95.3,0.929,79.08,0.9565,96.6,0.941,79.1,0.957
"T1039TS427_1-D1",71.71,0.8612,82.3,0.72,0.86,82.3,87.4,0.854,69,0.8393,89.8,0.86,72.7,0.8696,87.8,0.844,73.53,0.8659,89.3,0.857,72.92,0.8711,88.3,0.848,73.35,0.8636,89.1,0.837,72.87,0.8622,88.4,0.847,73.38,0.8634,89,0.834,72.81,0.8613
"T1040TS427_1-D1",74.08,0.7836,71.92,0.74,0.78,71.73,95.5,0.829,74.51,0.7812,96.5,0.826,74.41,0.7788,95.7,0.833,74.59,0.7825,96.5,0.824,74.45,0.7785,95.6,0.829,74.56,0.7826,96.5,0.822,74.46,0.7775,95.3,0.822,74.62,0.7845,96.5,0.823,74.47,0.7769
"T1041TS427_1-D1",82.82,0.9528,90.6,0.83,0.95,90.7,93.1,0.905,83.24,0.9556,95.2,0.921,83.12,0.9549,93.3,0.905,83.32,0.9555,95,0.92,83.27,0.9549,93.6,0.908,83.3,0.9555,94.8,0.918,83.26,0.9549,93.6,0.906,83.27,0.9554,94.9,0.918,83.22,0.9549
"T1042TS427_1-D1",83.15,0.9364,84.06,0.83,0.94,84.51,92.6,0.864,82.65,0.929,92.7,0.854,82.51,0.9281,93.1,0.867,82.67,0.9282,93,0.855,82.54,0.9283,93.2,0.869,82.71,0.9287,93,0.855,82.48,0.928,93,0.867,82.63,0.9284,92.9,0.852,82.48,0.9282
"T1043TS427_1-D1",75.05,0.8788,83.11,0.75,0.88,83.45,93.8,0.893,75.54,0.8818,95.4,0.889,75.35,0.883,94.1,0.893,75.55,0.8814,95.1,0.886,75.32,0.8828,94.2,0.893,75.52,0.8813,94.9,0.885,75.26,0.8825,94.3,0.893,75.54,0.8819,94.8,0.882,75.21,0.8825
"T1047TS427_1_s1-D1",75.15,0.5589,50.24,0.75,0.56,50.47,89.3,0.725,75.33,0.5526,95.6,0.785,75.41,0.5555,89.2,0.73,75.32,0.5541,95.1,0.78,75.51,0.5564,89.7,0.722,75.54,0.5549,94.9,0.771,75.48,0.5564,90,0.725,75.55,0.5549,94.7,0.764,75.44,0.5566
"T1049TS427_1-D1",84.83,0.93,93.28,0.85,0.93,93.1,93.4,0.884,85.08,0.936,95.1,0.889,84.97,0.9356,92.9,0.877,85.06,0.936,94.8,0.886,84.67,0.9357,92.9,0.877,85.07,0.9359,94.7,0.872,84.51,0.9357,93,0.878,85.01,0.9357,94.5,0.87,84.56,0.9357
"T1064TS427_1-D1",74.67,0.8117,80.39,0.78,0.87,86.96,92.2,0.838,75.01,0.8131,93.1,0.838,74.75,0.8101,93.5,0.848,74.95,0.8128,92.1,0.819,74.91,0.8111,93.6,0.848,74.88,0.8126,91.6,0.815,74.89,0.8108,93.8,0.849,74.92,0.8126,91.1,0.81,74.88,0.8106
"T1074TS427_1-D1",83.62,0.916,89.96,0.84,0.92,89.77,88.9,0.78,83.98,0.9158,91.6,0.788,84.01,0.9169,88.7,0.772,84.09,0.9148,90.8,0.771,84.03,0.9163,88.7,0.77,84.09,0.9148,90.3,0.761,84,0.9156,88.6,0.768,83.96,0.9144,89.8,0.753,83.97,0.9155
"T1090TS427_1-D1",82.77,0.9148,88.89,0.83,0.91,89.02,95.4,0.907,82.99,0.9143,97.2,0.92,82.76,0.9142,95.6,0.907,83.03,0.9143,97.1,0.92,82.54,0.9141,95.7,0.908,82.95,0.9143,96.9,0.917,82.54,0.9142,95.8,0.909,82.97,0.9143,96.8,0.915,82.55,0.9142
"T1096TS427_1",72.69,0.5585,46.9,0.73,0.56,47.28,93.3,0.853,73.12,0.5587,96.3,0.88,73.08,0.5584,93,0.838,73.11,0.5586,96.2,0.874,73.06,0.5581,93.5,0.818,72.65,0.5578,93.5,0.818,72.65,0.5578,93.1,0.833,73.21,0.5587,96.2,0.865,73.15,0.5579
