Target,model,plDDT,rank,MF9_score,round,lDDT,lDDTCa,TM-score,set
T1104,rel_AF2MR_TS1_3,0.913,1,0.7816516,2,0.7242,0.7915,0.8114,mr
T1104,rel_AF2MR_TS2_1,0.901,2,0.7806057,2,0.737,0.8091,0.8308,mr
T1104,rel_AF2MR_TS3_2,0.897,3,0.77511215,2,0.7372,0.8083,0.8316,mr
T1104,rel_AF2MR_TS4_5,0.877,4,0.792387,2,0.731,0.7987,0.8229,mr
T1104,rel_AF2MR_TS5_4,0.844,5,0.7584851,2,0.7389,0.8142,0.836,mr
T1104,AF2MR_TS1_3,0.913,1,0.7353239,2,0.7235,0.7908,0.8117,m
T1104,AF2MR_TS2_1,0.901,2,0.725223,2,0.7368,0.8106,0.8321,m
T1104,AF2MR_TS3_2,0.897,3,0.7335694,2,0.7373,0.8101,0.8329,m
T1104,AF2MR_TS4_5,0.877,4,0.7389749,2,0.7306,0.7986,0.8233,m
T1104,AF2MR_TS5_4,0.844,5,0.7245747,2,0.7393,0.8132,0.8368,m
T1112,rel_AF2MR_TS1_2,0.983,1,0.8176587,2,0.8358,0.8865,0.8959,mr
T1112,rel_AF2MR_TS2_1,0.979,2,0.81811297,2,0.8359,0.8868,0.8959,mr
T1112,rel_AF2MR_TS3_3,0.956,3,0.81684464,2,0.8349,0.884,0.9083,mr
T1112,rel_AF2MR_TS4_5,0.951,4,0.8173976,2,0.8328,0.8833,0.8913,mr
T1112,rel_AF2MR_TS5_4,0.947,5,0.8211665,2,0.8315,0.8813,0.8922,mr
T1112,AF2MR_TS1_2,0.983,1,0.8175044,2,0.8366,0.8876,0.8963,m
T1112,AF2MR_TS2_1,0.979,2,0.8199638,2,0.8361,0.8876,0.8962,m
T1112,AF2MR_TS3_3,0.956,3,0.81939566,2,0.8355,0.8838,0.9086,m
T1112,AF2MR_TS4_5,0.951,4,0.82178086,2,0.8338,0.8839,0.8918,m
T1112,AF2MR_TS5_4,0.947,5,0.8202925,2,0.832,0.8819,0.8924,m
T1120,rel_AF2MR_TS1_2,0.96,1,0.7089244,2,0.8395,0.9018,0.5219,mr
T1120,rel_AF2MR_TS2_1,0.96,2,0.7040928,2,0.8388,0.9007,0.523,mr
T1120,rel_AF2MR_TS3_5,0.919,3,0.67581475,2,0.839,0.9,0.5097,mr
T1120,rel_AF2MR_TS4_3,0.913,4,0.6799607,2,0.8351,0.8986,0.5142,mr
T1120,rel_AF2MR_TS5_4,0.906,5,0.68804866,2,0.8381,0.8987,0.5215,mr
T1120,AF2MR_TS1_2,0.96,1,0.6798478,2,0.8398,0.9016,0.5215,m
T1120,AF2MR_TS2_1,0.96,2,0.67845315,2,0.839,0.9007,0.5227,m
T1120,AF2MR_TS3_5,0.919,3,0.656728,2,0.8394,0.9007,0.5093,m
T1120,AF2MR_TS4_3,0.913,4,0.65259796,2,0.835,0.8976,0.5138,m
T1120,AF2MR_TS5_4,0.906,5,0.6634903,2,0.8378,0.8986,0.5212,m
T1122,rel_AF2MR_TS1_2,0.682,1,0.37864965,2,0.4436,0.5077,0.4173,mr
T1122,rel_AF2MR_TS2_1,0.662,2,0.3842687,2,0.4424,0.508,0.4096,mr
T1122,rel_AF2MR_TS3_5,0.549,3,0.41696358,2,0.5072,0.5675,0.4803,mr
T1122,rel_AF2MR_TS4_3,0.472,4,0.3579589,2,0.4438,0.5003,0.424,mr
T1122,rel_AF2MR_TS5_4,0.452,5,0.35891494,2,0.4401,0.5015,0.4131,mr
T1122,AF2MR_TS1_2,0.682,1,0.3605803,2,0.4448,0.5091,0.4176,m
T1122,AF2MR_TS2_1,0.662,2,0.36719948,2,0.4434,0.5081,0.41,m
T1122,AF2MR_TS3_5,0.549,3,0.38435948,2,0.5082,0.5672,0.4808,m
T1122,AF2MR_TS4_3,0.472,4,0.36470973,2,0.4445,0.4992,0.424,m
T1122,AF2MR_TS5_4,0.452,5,0.36078027,2,0.4408,0.5017,0.4129,m
T1125,AF2MR_TS1_1,0.734,1,0.3159606,2,0.3069,0.3484,0.2227,m
T1125,AF2MR_TS2_2,0.609,2,0.312061,2,0.3054,0.3475,0.2207,m
T1125,AF2MR_TS3_5,0.378,3,0.29905418,2,0.2753,0.3116,0.1884,m
T1125,AF2MR_TS4_3,0.359,4,0.32833806,2,0.2778,0.3163,0.2402,m
T1125,AF2MR_TS5_4,0.334,5,0.28702775,2,0.2597,0.2981,0.2159,m
T1130,rel_AF2MR_TS1_2,0.764,1,0.40277314,2,0.4231,0.4705,0.3723,mr
T1130,rel_AF2MR_TS2_1,0.659,2,0.40150985,2,0.4355,0.4787,0.3983,mr
T1130,rel_AF2MR_TS3_5,0.546,3,0.4011856,2,0.5805,0.6487,0.5614,mr
T1130,rel_AF2MR_TS4_4,0.491,4,0.39376327,2,0.4717,0.5246,0.4862,mr
T1130,rel_AF2MR_TS5_3,0.469,5,0.391728,2,0.4365,0.4784,0.428,mr
T1130,AF2MR_TS1_2,0.764,1,0.37316725,2,0.4242,0.471,0.3722,m
T1130,AF2MR_TS2_1,0.659,2,0.35870147,2,0.4356,0.4795,0.398,m
T1130,AF2MR_TS3_5,0.546,3,0.39498663,2,0.5816,0.6482,0.5619,m
T1130,AF2MR_TS4_4,0.491,4,0.37242296,2,0.4713,0.5246,0.4864,m
T1130,AF2MR_TS5_3,0.469,5,0.3663002,2,0.436,0.479,0.4287,m
T1131,rel_AF2MR_TS1_2,0.771,1,0.33230394,2,0.2902,0.3422,0.2778,mr
T1131,rel_AF2MR_TS2_1,0.724,2,0.338722,2,0.2983,0.3489,0.2752,mr
T1131,rel_AF2MR_TS3_4,0.389,3,0.32696775,2,0.2817,0.3338,0.2602,mr
T1131,rel_AF2MR_TS4_3,0.376,4,0.32683992,2,0.2707,0.3103,0.211,mr
T1131,rel_AF2MR_TS5_5,0.347,5,0.33111274,2,0.2865,0.3388,0.2646,mr
T1131,AF2MR_TS1_2,0.771,1,0.29497412,2,0.2911,0.3417,0.2783,m
T1131,AF2MR_TS2_1,0.724,2,0.30581242,2,0.2993,0.3496,0.2757,m
T1131,AF2MR_TS3_4,0.389,3,0.29865843,2,0.2813,0.3323,0.2599,m
T1131,AF2MR_TS4_3,0.376,4,0.29895854,2,0.2708,0.3094,0.2111,m
T1131,AF2MR_TS5_5,0.347,5,0.28411904,2,0.2867,0.3367,0.2648,m
T1133,rel_AF2MR_TS1_2,0.934,1,0.73495793,2,0.8964,0.9302,0.9806,mr
T1133,rel_AF2MR_TS2_1,0.93,2,0.7309693,2,0.8977,0.931,0.9805,mr
T1133,rel_AF2MR_TS3_5,0.822,3,0.7240656,2,0.8917,0.926,0.9781,mr
T1133,rel_AF2MR_TS4_4,0.82,4,0.7241138,2,0.8965,0.9301,0.9807,mr
T1133,rel_AF2MR_TS5_3,0.819,5,0.7306655,2,0.8937,0.9273,0.979,mr
T1133,AF2MR_TS1_2,0.934,1,0.7313601,2,0.8958,0.9311,0.9808,m
T1133,AF2MR_TS2_1,0.93,2,0.72901857,2,0.8968,0.9323,0.9808,m
T1133,AF2MR_TS3_5,0.822,3,0.72514784,2,0.8895,0.9263,0.9781,m
T1133,AF2MR_TS4_4,0.82,4,0.7303227,2,0.8945,0.9309,0.9809,m
T1133,AF2MR_TS5_3,0.819,5,0.72862375,2,0.8912,0.928,0.9792,m
T1139,rel_AF2MR_TS1_1,0.946,1,0.73939264,2,0.8767,0.9288,0.9579,mr
T1139,rel_AF2MR_TS2_2,0.945,2,0.73381555,2,0.8767,0.9279,0.9593,mr
T1139,rel_AF2MR_TS3_5,0.926,3,0.72919333,2,0.869,0.9254,0.9544,mr
T1139,rel_AF2MR_TS4_3,0.921,4,0.7388668,2,0.8796,0.9295,0.9591,mr
T1139,rel_AF2MR_TS5_4,0.918,5,0.7433966,2,0.8801,0.9304,0.9597,mr
T1139,AF2MR_TS1_1,0.946,1,0.7334994,2,0.8759,0.9289,0.9581,m
T1139,AF2MR_TS2_2,0.945,2,0.74333453,2,0.8761,0.9291,0.9595,m
T1139,AF2MR_TS3_5,0.926,3,0.7315405,2,0.8692,0.9246,0.9547,m
T1139,AF2MR_TS4_3,0.921,4,0.74488574,2,0.8778,0.9283,0.9593,m
T1139,AF2MR_TS5_4,0.918,5,0.74602556,2,0.8781,0.9288,0.9598,m
T1145,rel_AF2MR_TS1_2,0.979,1,0.7592541,2,0.8681,0.919,0.8644,mr
T1145,rel_AF2MR_TS2_1,0.978,2,0.75765073,2,0.8685,0.9193,0.8655,mr
T1145,rel_AF2MR_TS3_3,0.941,3,0.745409,2,0.8698,0.9194,0.855,mr
T1145,rel_AF2MR_TS4_4,0.936,4,0.7533681,2,0.8717,0.9209,0.8702,mr
T1145,rel_AF2MR_TS5_5,0.929,5,0.75713944,2,0.8699,0.9198,0.9169,mr
T1145,AF2MR_TS1_2,0.979,1,0.75863904,2,0.869,0.9192,0.8644,m
T1145,AF2MR_TS2_1,0.978,2,0.7562019,2,0.8692,0.9197,0.8654,m
T1145,AF2MR_TS3_3,0.941,3,0.7493455,2,0.8705,0.9201,0.855,m
T1145,AF2MR_TS4_4,0.936,4,0.74586457,2,0.8717,0.9201,0.8702,m
T1145,AF2MR_TS5_5,0.929,5,0.7581233,2,0.8704,0.9217,0.9171,m
T1146,rel_AF2MR_TS1_2,0.967,1,0.7883548,2,0.8661,0.9238,0.974,mr
T1146,rel_AF2MR_TS2_1,0.965,2,0.7903615,2,0.8652,0.9233,0.9738,mr
T1146,rel_AF2MR_TS3_5,0.914,3,0.789518,2,0.8673,0.9234,0.974,mr
T1146,rel_AF2MR_TS4_3,0.912,4,0.7889501,2,0.8705,0.9227,0.974,mr
T1146,rel_AF2MR_TS5_4,0.908,5,0.7870091,2,0.8653,0.9219,0.9744,mr
T1146,AF2MR_TS1_2,0.967,1,0.78338295,2,0.8657,0.924,0.9741,m
T1146,AF2MR_TS2_1,0.965,2,0.7907859,2,0.8646,0.9239,0.9739,m
T1146,AF2MR_TS3_5,0.914,3,0.7970504,2,0.8662,0.9236,0.974,m
T1146,AF2MR_TS4_3,0.912,4,0.789378,2,0.8675,0.9221,0.9741,m
T1146,AF2MR_TS5_4,0.908,5,0.79368746,2,0.8628,0.9211,0.9745,m
T1147,rel_AF2MR_TS1_2,0.945,1,0.78279316,2,0.9102,0.9676,0.9795,mr
T1147,rel_AF2MR_TS2_1,0.941,2,0.7677525,2,0.9108,0.967,0.9792,mr
T1147,rel_AF2MR_TS3_4,0.923,3,0.7996322,2,0.9151,0.9691,0.9812,mr
T1147,rel_AF2MR_TS4_3,0.904,4,0.794598,2,0.9129,0.9716,0.9834,mr
T1147,rel_AF2MR_TS5_5,0.892,5,0.7855655,2,0.9011,0.9497,0.9725,mr
T1147,AF2MR_TS1_2,0.945,1,0.7936404,2,0.9077,0.9659,0.9784,m
T1147,AF2MR_TS2_1,0.941,2,0.77481,2,0.9069,0.9651,0.9781,m
T1147,AF2MR_TS3_4,0.923,3,0.7873436,2,0.9101,0.9668,0.9806,m
T1147,AF2MR_TS4_3,0.904,4,0.8014968,2,0.9084,0.9689,0.9824,m
T1147,AF2MR_TS5_5,0.892,5,0.77881086,2,0.8979,0.9469,0.9711,m
T1150,rel_AF2MR_TS1_2,0.978,1,0.81732833,2,0.8841,0.9389,0.9809,mr
T1150,rel_AF2MR_TS2_1,0.977,2,0.82298344,2,0.8846,0.939,0.9806,mr
T1150,rel_AF2MR_TS3_5,0.94,3,0.82169276,2,0.8793,0.9342,0.9771,mr
T1150,rel_AF2MR_TS4_4,0.937,4,0.8170246,2,0.8863,0.9426,0.9824,mr
T1150,rel_AF2MR_TS5_3,0.935,5,0.819948,2,0.8799,0.9387,0.9815,mr
T1150,AF2MR_TS1_2,0.978,1,0.81926763,2,0.8838,0.9401,0.9811,m
T1150,AF2MR_TS2_1,0.977,2,0.819513,2,0.8837,0.9401,0.9807,m
T1150,AF2MR_TS3_5,0.94,3,0.8214734,2,0.8781,0.9353,0.9772,m
T1150,AF2MR_TS4_4,0.937,4,0.81886655,2,0.8851,0.9428,0.9824,m
T1150,AF2MR_TS5_3,0.935,5,0.81979877,2,0.8787,0.9389,0.9816,m
T1154,AF2MR_TS1_1,0.716,1,0.30725566,2,0.3992,0.4371,0.314,m
T1154,AF2MR_TS2_2,0.657,2,0.32201084,2,0.3971,0.4347,0.3005,m
T1154,AF2MR_TS3_3,0.468,3,0.30126134,2,0.3896,0.4269,0.3087,m
T1154,AF2MR_TS4_5,0.459,4,0.3001675,2,0.4216,0.4619,0.392,m
T1154,AF2MR_TS5_4,0.432,5,0.2896359,2,0.3436,0.3815,0.2833,m
T1155,rel_AF2MR_TS1_1,0.89,1,0.6864609,2,0.5949,0.6735,0.6885,mr
T1155,rel_AF2MR_TS2_2,0.88,2,0.7127186,2,0.5933,0.6723,0.6902,mr
T1155,rel_AF2MR_TS3_3,0.869,3,0.6955441,2,0.5906,0.6669,0.694,mr
T1155,rel_AF2MR_TS4_4,0.836,4,0.7106845,2,0.5902,0.6625,0.6937,mr
T1155,rel_AF2MR_TS5_5,0.781,5,0.6208302,2,0.5719,0.6398,0.6655,mr
T1155,AF2MR_TS1_1,0.89,1,0.6915272,2,0.5967,0.6722,0.6894,m
T1155,AF2MR_TS2_2,0.88,2,0.70347387,2,0.5951,0.6708,0.6908,m
T1155,AF2MR_TS3_3,0.869,3,0.69140065,2,0.5924,0.6674,0.6946,m
T1155,AF2MR_TS4_4,0.836,4,0.709227,2,0.5924,0.6635,0.6953,m
T1155,AF2MR_TS5_5,0.781,5,0.6304161,2,0.5734,0.6396,0.6656,m
T1158,AF2MR_TS1_2,0.889,1,0.6913649,2,0.8352,0.9183,0.8072,m
T1158,AF2MR_TS2_1,0.885,2,0.689937,2,0.8308,0.9116,0.8146,m
T1158,AF2MR_TS3_3,0.837,3,0.68959165,2,0.8394,0.9248,0.8655,m
T1158,AF2MR_TS4_4,0.823,4,0.68741435,2,0.8385,0.9231,0.8709,m
T1158,AF2MR_TS5_5,0.812,5,0.69157535,2,0.8365,0.9228,0.8477,m
T1159,rel_AF2MR_TS1_2,0.985,1,0.7639575,2,0.9203,0.9614,0.9801,mr
T1159,rel_AF2MR_TS2_1,0.983,2,0.7658744,2,0.9206,0.961,0.9801,mr
T1159,rel_AF2MR_TS3_5,0.977,3,0.7676247,2,0.9268,0.9643,0.9816,mr
T1159,rel_AF2MR_TS4_3,0.974,4,0.761666,2,0.9253,0.9641,0.9808,mr
T1159,rel_AF2MR_TS5_4,0.971,5,0.7562698,2,0.925,0.9628,0.982,mr
T1159,AF2MR_TS1_2,0.985,1,0.7476785,2,0.9188,0.9608,0.9803,m
T1159,AF2MR_TS2_1,0.983,2,0.7627979,2,0.918,0.9614,0.9803,m
T1159,AF2MR_TS3_5,0.977,3,0.7574853,2,0.9244,0.9643,0.9817,m
T1159,AF2MR_TS4_3,0.974,4,0.74655247,2,0.9225,0.9639,0.9808,m
T1159,AF2MR_TS5_4,0.971,5,0.7658253,2,0.9218,0.9614,0.9818,m
T1162,rel_AF2MR_TS1_2,0.941,1,0.78904074,2,0.8967,0.9382,0.9728,mr
T1162,rel_AF2MR_TS2_1,0.937,2,0.7960338,2,0.8953,0.9376,0.9727,mr
T1162,rel_AF2MR_TS3_3,0.909,3,0.80081236,2,0.886,0.9307,0.9713,mr
T1162,rel_AF2MR_TS4_4,0.904,4,0.79312634,2,0.8931,0.9359,0.9734,mr
T1162,rel_AF2MR_TS5_5,0.898,5,0.7973258,2,0.8945,0.9342,0.9721,mr
T1162,AF2MR_TS1_2,0.941,1,0.79340994,2,0.8953,0.9356,0.9721,m
T1162,AF2MR_TS2_1,0.937,2,0.8000719,2,0.8942,0.937,0.9721,m
T1162,AF2MR_TS3_3,0.909,3,0.79363924,2,0.8849,0.9275,0.9705,m
T1162,AF2MR_TS4_4,0.904,4,0.7981257,2,0.8917,0.9355,0.9729,m
T1162,AF2MR_TS5_5,0.898,5,0.79958594,2,0.8925,0.9334,0.9715,m
T1163,rel_AF2MR_TS1_1,0.961,1,0.78910106,2,0.9025,0.9355,0.97,mr
T1163,rel_AF2MR_TS2_2,0.958,2,0.78931487,2,0.9036,0.9367,0.9708,mr
T1163,rel_AF2MR_TS3_3,0.921,3,0.7946404,2,0.9027,0.9393,0.9722,mr
T1163,rel_AF2MR_TS4_4,0.917,4,0.79148424,2,0.9037,0.9387,0.9706,mr
T1163,rel_AF2MR_TS5_5,0.906,5,0.7933396,2,0.8943,0.9285,0.9594,mr
T1163,AF2MR_TS1_1,0.961,1,0.7925509,2,0.9014,0.9333,0.9699,m
T1163,AF2MR_TS2_2,0.958,2,0.7972538,2,0.9023,0.9353,0.9706,m
T1163,AF2MR_TS3_3,0.921,3,0.79647547,2,0.9009,0.9388,0.9721,m
T1163,AF2MR_TS4_4,0.917,4,0.79478383,2,0.9021,0.9378,0.9705,m
T1163,AF2MR_TS5_5,0.906,5,0.79341674,2,0.8927,0.9276,0.9593,m
T1175,rel_AF2MR_TS1_2,0.939,1,0.73204064,2,0.7749,0.8454,0.9309,mr
T1175,rel_AF2MR_TS2_1,0.936,2,0.73869216,2,0.775,0.8468,0.9325,mr
T1175,rel_AF2MR_TS3_3,0.864,3,0.75875884,2,0.8608,0.9337,0.9589,mr
T1175,rel_AF2MR_TS4_5,0.847,4,0.7542536,2,0.8472,0.9235,0.9629,mr
T1175,rel_AF2MR_TS5_4,0.834,5,0.7380964,2,0.7716,0.8416,0.929,mr
T1175,AF2MR_TS1_2,0.939,1,0.70413065,2,0.775,0.8454,0.9312,m
T1175,AF2MR_TS2_1,0.936,2,0.72701985,2,0.7754,0.8464,0.933,m
T1175,AF2MR_TS3_3,0.864,3,0.75170374,2,0.8596,0.9325,0.959,m
T1175,AF2MR_TS4_5,0.847,4,0.7492188,2,0.8471,0.923,0.9631,m
T1175,AF2MR_TS5_4,0.834,5,0.7324993,2,0.7718,0.842,0.9297,m
T1177,rel_AF2MR_TS4_5,0.94,4,0.8202685,2,0.8369,0.912,0.9485,mr
T1177,rel_AF2MR_TS5_4,0.928,5,0.81958663,2,0.8563,0.9281,0.9553,mr
T1177,rel_AF2MR_TS2_1,0.984,2,0.8180424,2,0.8817,0.9483,0.9601,mr
T1177,rel_AF2MR_TS1_2,0.984,1,0.8150757,2,0.8828,0.9493,0.9606,mr
T1177,rel_AF2MR_TS3_3,0.951,3,0.8133909,2,0.8732,0.9408,0.9488,mr
T1177,AF2MR_TS1_2,0.984,1,0.79781425,2,0.8839,0.9485,0.9607,m
T1177,AF2MR_TS2_1,0.984,2,0.81420726,2,0.8826,0.9473,0.9603,m
T1177,AF2MR_TS3_3,0.951,3,0.8013209,2,0.8738,0.9394,0.9488,m
T1177,AF2MR_TS4_5,0.94,4,0.78978693,2,0.8375,0.91,0.9484,m
T1177,AF2MR_TS5_4,0.928,5,0.79283834,2,0.858,0.9284,0.9555,m
T1180,rel_AF2MR_TS1_1,0.976,1,0.8397045,2,0.825,0.8955,0.6383,mr
T1180,rel_AF2MR_TS2_2,0.975,2,0.83496857,2,0.8249,0.8957,0.6379,mr
T1180,rel_AF2MR_TS3_3,0.928,3,0.8380572,2,0.824,0.8892,0.658,mr
T1180,rel_AF2MR_TS4_5,0.927,4,0.83254033,2,0.8323,0.8979,0.7609,mr
T1180,rel_AF2MR_TS5_4,0.926,5,0.83996487,2,0.8281,0.8949,0.6503,mr
T1180,AF2MR_TS1_1,0.976,1,0.83509445,2,0.8248,0.8955,0.6383,m
T1180,AF2MR_TS2_2,0.975,2,0.8329465,2,0.8249,0.8956,0.6379,m
T1180,AF2MR_TS3_3,0.928,3,0.8391388,2,0.8247,0.8909,0.6581,m
T1180,AF2MR_TS4_5,0.927,4,0.8322195,2,0.8325,0.898,0.7611,m
T1180,AF2MR_TS5_4,0.926,5,0.8380572,2,0.829,0.8959,0.6504,m
T1182,rel_AF2MR_TS1_1,0.97,1,0.79031575,2,0.9108,0.9589,0.982,mr
T1182,rel_AF2MR_TS2_2,0.97,2,0.7915703,2,0.9121,0.9613,0.9841,mr
T1182,rel_AF2MR_TS3_5,0.94,3,0.78742635,2,0.8911,0.9387,0.9286,mr
T1182,rel_AF2MR_TS4_3,0.939,4,0.793769,2,0.9134,0.9648,0.988,mr
T1182,rel_AF2MR_TS5_4,0.931,5,0.79120004,2,0.9114,0.9584,0.9856,mr
T1182,AF2MR_TS1_1,0.97,1,0.79383767,2,0.9101,0.9594,0.982,m
T1182,AF2MR_TS2_2,0.97,2,0.79700464,2,0.911,0.9612,0.9841,m
T1182,AF2MR_TS3_5,0.94,3,0.7869221,2,0.8889,0.9381,0.9286,m
T1182,AF2MR_TS4_3,0.939,4,0.8022478,2,0.9119,0.9653,0.9881,m
T1182,AF2MR_TS5_4,0.931,5,0.7972442,2,0.9094,0.9584,0.9856,m
T1183,rel_AF2MR_TS1_2,0.98,1,0.78482085,2,0.9097,0.9673,0.985,mr
T1183,rel_AF2MR_TS2_1,0.977,2,0.78171813,2,0.9088,0.9668,0.9849,mr
T1183,rel_AF2MR_TS3_5,0.938,3,0.7774808,2,0.8994,0.9614,0.9839,mr
T1183,rel_AF2MR_TS4_4,0.936,4,0.7810861,2,0.9063,0.9633,0.9839,mr
T1183,rel_AF2MR_TS5_3,0.916,5,0.7700604,2,0.8854,0.9457,0.9716,mr
T1183,AF2MR_TS1_2,0.98,1,0.7782238,2,0.9087,0.9676,0.985,m
T1183,AF2MR_TS2_1,0.977,2,0.77495486,2,0.9075,0.9668,0.985,m
T1183,AF2MR_TS3_5,0.938,3,0.77108634,2,0.8989,0.9625,0.984,m
T1183,AF2MR_TS4_4,0.936,4,0.7687396,2,0.9032,0.9624,0.9837,m
T1183,AF2MR_TS5_3,0.916,5,0.75809604,2,0.8846,0.945,0.9715,m
T1188,rel_AF2MR_TS1_1,0.951,1,0.7954896,2,0.9286,0.969,0.9921,mr
T1188,rel_AF2MR_TS2_2,0.949,2,0.79516333,2,0.9282,0.9692,0.9922,mr
T1188,rel_AF2MR_TS3_3,0.912,3,0.7975118,2,0.9278,0.969,0.9911,mr
T1188,rel_AF2MR_TS4_4,0.909,4,0.79989535,2,0.9331,0.9702,0.9936,mr
T1188,rel_AF2MR_TS5_5,0.905,5,0.79522836,2,0.9241,0.9624,0.991,mr
T1188,AF2MR_TS1_1,0.951,1,0.7991086,2,0.9275,0.9703,0.9922,m
T1188,AF2MR_TS2_2,0.949,2,0.796022,2,0.9269,0.97,0.9923,m
T1188,AF2MR_TS3_3,0.912,3,0.79927,2,0.9265,0.9683,0.9912,m
T1188,AF2MR_TS4_4,0.909,4,0.80176,2,0.931,0.9705,0.9937,m
T1188,AF2MR_TS5_5,0.905,5,0.7975715,2,0.9231,0.9629,0.9911,m
T1194,rel_AF2MR_TS1_2,0.963,1,0.7260968,2,0.904,0.9767,0.9869,mr
T1194,rel_AF2MR_TS2_1,0.963,2,0.71507657,2,0.9037,0.9762,0.9867,mr
T1194,rel_AF2MR_TS3_5,0.928,3,0.7072717,2,0.8778,0.9513,0.9655,mr
T1194,rel_AF2MR_TS4_4,0.917,4,0.71372145,2,0.903,0.9776,0.9877,mr
T1194,rel_AF2MR_TS5_3,0.911,5,0.72996444,2,0.8812,0.9601,0.9785,mr
T1194,AF2MR_TS1_2,0.963,1,0.72189885,2,0.904,0.9774,0.9871,m
T1194,AF2MR_TS2_1,0.963,2,0.71770793,2,0.9023,0.9762,0.9867,m
T1194,AF2MR_TS3_5,0.928,3,0.7086321,2,0.8777,0.9518,0.966,m
T1194,AF2MR_TS4_4,0.917,4,0.68441474,2,0.9026,0.9774,0.9881,m
T1194,AF2MR_TS5_3,0.911,5,0.70911664,2,0.8819,0.961,0.979,m
T1104,AF2_TS1_3_0_rel,89.88,1,0.77998734,1,0.73,0.7977,0.8183,ar
T1104,AF2_TS2_4_0_rel,83.77,2,0.7590033,1,0.7377,0.8113,0.8296,ar
T1104,AF2_TS3_5_0_rel,82.39,3,0.7373702,1,0.74,0.8072,0.8317,ar
T1104,AF2_TS4_2_0_rel,57.84,4,0.676655,1,0.5977,0.6407,0.7342,ar
T1104,AF2_TS5_1_0_rel,55.87,5,0.6730631,1,0.5961,0.6515,0.7488,ar
T1104,AF2_TS1_3_0,89.88,1,0.72214156,1,0.7292,0.7967,0.8185,a
T1104,AF2_TS2_4_0,83.77,2,0.7146553,1,0.7381,0.8133,0.8313,a
T1104,AF2_TS3_5_0,82.39,3,0.7078215,1,0.7395,0.8077,0.8321,a
T1104,AF2_TS4_2_0,57.84,4,0.6412486,1,0.5968,0.6372,0.736,a
T1104,AF2_TS5_1_0,55.87,5,0.6260273,1,0.5888,0.6494,0.7474,a
T1104,AF2M_TS1_1,87.7,1,0.7178636,1,0.8174,0.8797,0.9262,m
T1104,AF2M_TS2_4,84.7,2,0.7274823,1,0.7331,0.808,0.8177,m
T1104,AF2M_TS3_5,83.9,3,0.7138751,1,0.738,0.8113,0.8343,m
T1104,AF2M_TS4_3,82.1,4,0.7217997,1,0.7088,0.7724,0.7855,m
T1104,AF2M_TS5_2,70.7,5,0.67287666,1,0.6944,0.7517,0.7676,m
T1104,rel_AF2M_TS1_1,87.7,1,0.76280916,1,0.8199,0.8795,0.9258,mr
T1104,rel_AF2M_TS2_4,84.7,2,0.7589091,1,0.7331,0.807,0.8161,mr
T1104,rel_AF2M_TS3_5,83.9,3,0.708886,1,0.739,0.8114,0.8341,mr
T1104,rel_AF2M_TS4_3,82.1,4,0.75242734,1,0.7087,0.7725,0.7842,mr
T1104,rel_AF2M_TS5_2,70.7,5,0.71752703,1,0.6957,0.7534,0.7668,mr
T1112,AF2_TS1_3_0_rel,95.34,1,0.8166868,1,0.8345,0.8848,0.9073,ar
T1112,AF2_TS2_4_0_rel,94.63,2,0.8223675,1,0.8367,0.887,0.8935,ar
T1112,AF2_TS3_2_0_rel,94.52,3,0.82110626,1,0.8393,0.888,0.8924,ar
T1112,AF2_TS4_5_0_rel,94.43,4,0.82134044,1,0.8378,0.8874,0.8918,ar
T1112,AF2_TS5_1_0_rel,94.12,5,0.82285607,1,0.8365,0.8848,0.8836,ar
T1112,AF2_TS1_3_0,95.34,1,0.8177354,1,0.8352,0.8845,0.9076,a
T1112,AF2_TS2_4_0,94.63,2,0.8219261,1,0.8369,0.8875,0.8938,a
T1112,AF2_TS3_2_0,94.52,3,0.8165294,1,0.8397,0.8901,0.8929,a
T1112,AF2_TS4_5_0,94.43,4,0.82299024,1,0.8384,0.8882,0.8923,a
T1112,AF2_TS5_1_0,94.12,5,0.8210255,1,0.8367,0.8856,0.884,a
T1112,AF2M_TS1_3,95.5,1,0.81525916,1,0.8337,0.8833,0.903,m
T1112,AF2M_TS2_5,94.7,2,0.8247094,1,0.835,0.8847,0.8956,m
T1112,AF2M_TS3_2,94.6,3,0.8179104,1,0.8405,0.8909,0.8907,m
T1112,AF2M_TS4_4,94.6,4,0.81888086,1,0.8341,0.8853,0.8945,m
T1112,AF2M_TS5_1,94,5,0.8205937,1,0.8411,0.8878,0.8824,m
T1112,rel_AF2M_TS1_3,95.5,1,0.81790876,1,0.8332,0.8833,0.9027,mr
T1112,rel_AF2M_TS2_5,94.7,2,0.8224179,1,0.8344,0.8845,0.8953,mr
T1112,rel_AF2M_TS3_2,94.6,3,0.82083,1,0.8402,0.8895,0.8902,mr
T1112,rel_AF2M_TS4_4,94.6,4,0.8209675,1,0.8337,0.8849,0.8942,mr
T1112,rel_AF2M_TS5_1,94,5,0.8258026,1,0.8411,0.8872,0.882,mr
T1120,AF2_TS1_3_0_rel,91.67,1,0.68802136,1,0.8408,0.9031,0.5198,ar
T1120,AF2_TS2_5_0_rel,91.51,2,0.6848694,1,0.8399,0.9009,0.5133,ar
T1120,AF2_TS3_4_0_rel,90.79,3,0.6965851,1,0.8404,0.9012,0.5215,ar
T1120,AF2_TS4_1_0_rel,90.59,4,0.6848492,1,0.8303,0.8945,0.521,ar
T1120,AF2_TS5_2_0_rel,90.38,5,0.69682765,1,0.8367,0.8996,0.5219,ar
T1120,AF2_TS1_3_0,91.67,1,0.66616356,1,0.8405,0.9023,0.5196,a
T1120,AF2_TS2_5_0,91.51,2,0.6547623,1,0.8399,0.9001,0.513,a
T1120,AF2_TS3_4_0,90.79,3,0.6734351,1,0.8403,0.9002,0.5211,a
T1120,AF2_TS4_1_0,90.59,4,0.68902797,1,0.8308,0.8939,0.5206,a
T1120,AF2_TS5_2_0,90.38,5,0.68700373,1,0.8368,0.8996,0.5217,a
T1120,AF2M_TS1_3,91.5,1,0.6662876,1,0.8427,0.9043,0.5191,m
T1120,AF2M_TS2_5,91.5,2,0.6448437,1,0.8452,0.9063,0.5132,m
T1120,AF2M_TS3_1,90.6,3,0.6806416,1,0.8325,0.8969,0.5177,m
T1120,AF2M_TS4_4,90.4,4,0.67947453,1,0.8449,0.904,0.5231,m
T1120,AF2M_TS5_2,90.2,5,0.67825544,1,0.8386,0.8991,0.5203,m
T1120,rel_AF2M_TS1_3,91.5,1,0.6758596,1,0.8429,0.9058,0.5194,mr
T1120,rel_AF2M_TS2_5,91.5,2,0.6803781,1,0.8452,0.9066,0.5137,mr
T1120,rel_AF2M_TS3_1,90.6,3,0.6922534,1,0.8319,0.8966,0.518,mr
T1120,rel_AF2M_TS4_4,90.4,4,0.68470824,1,0.8454,0.905,0.5234,mr
T1120,rel_AF2M_TS5_2,90.2,5,0.7132635,1,0.8383,0.9,0.5206,mr
T1122,AF2_TS1_5_0_rel,44.63,1,0.3396471,1,0.416,0.4778,0.3671,ar
T1122,AF2_TS2_4_0_rel,40.68,2,0.351228,1,0.4103,0.47,0.378,ar
T1122,AF2_TS3_1_0_rel,36.18,3,0.3460029,1,0.3623,0.4134,0.304,ar
T1122,AF2_TS4_2_0_rel,35.95,4,0.24420421,1,0.3112,0.354,0.2434,ar
T1122,AF2_TS5_3_0_rel,31.66,5,0.25648418,1,0.3141,0.3535,0.2642,ar
T1122,AF2_TS1_5_0,44.63,1,0.32671964,1,0.4166,0.4772,0.3675,a
T1122,AF2_TS2_4_0,40.68,2,0.3415043,1,0.4104,0.4692,0.3775,a
T1122,AF2_TS3_1_0,36.18,3,0.3153146,1,0.3617,0.4131,0.304,a
T1122,AF2_TS4_2_0,35.95,4,0.23524031,1,0.31,0.3513,0.2431,a
T1122,AF2_TS5_3_0,31.66,5,0.23962018,1,0.3144,0.3508,0.2684,a
T1122,AF2M_TS1_5,47.3,1,0.34247935,1,0.5123,0.5726,0.5056,m
T1122,AF2M_TS2_1,42.9,2,0.3487411,1,0.4064,0.4564,0.3361,m
T1122,AF2M_TS3_3,41.9,3,0.35321075,1,0.44,0.4973,0.4079,m
T1122,AF2M_TS4_2,41.5,4,0.32488447,1,0.4092,0.4624,0.3915,m
T1122,AF2M_TS5_4,40.7,5,0.34053212,1,0.4309,0.4911,0.4079,m
T1122,rel_AF2M_TS1_5,47.3,1,0.35344395,1,0.5114,0.5708,0.505,mr
T1122,rel_AF2M_TS2_1,42.9,2,0.36358532,1,0.406,0.4585,0.3351,mr
T1122,rel_AF2M_TS3_3,41.9,3,0.3623452,1,0.4395,0.5004,0.4077,mr
T1122,rel_AF2M_TS4_2,41.5,4,0.3375339,1,0.4093,0.4622,0.3915,mr
T1122,rel_AF2M_TS5_4,40.7,5,0.34661347,1,0.4304,0.4906,0.4076,mr
T1125,AF2_TS1_1_0_rel,40.34,1,0.3473156,1,0.3156,0.3551,0.2145,ar
T1125,AF2_TS2_5_0_rel,40.18,2,0.32865196,1,0.287,0.3273,0.1936,ar
T1125,AF2_TS3_3_0_rel,37.26,3,0.3535936,1,0.3099,0.3439,0.2521,ar
T1125,AF2_TS4_2_0_rel,35.67,4,0.30516243,1,0.2983,0.3424,0.2184,ar
T1125,AF2_TS5_4_0_rel,34.24,5,0.29727286,1,0.2866,0.323,0.1981,ar
T1125,AF2_TS1_1_0,40.34,1,0.3309274,1,0.3148,0.3533,0.2145,a
T1125,AF2_TS2_5_0,40.18,2,0.31810054,1,0.2866,0.3258,0.1935,a
T1125,AF2_TS3_3_0,37.26,3,0.3356972,1,0.3085,0.3418,0.2523,a
T1125,AF2_TS4_2_0,35.67,4,0.28641745,1,0.2979,0.3412,0.218,a
T1125,AF2_TS5_4_0,34.24,5,0.27819243,1,0.2854,0.3212,0.1981,a
T1125,AF2M_TS1_5,37.8,1,0.3021869,1,0.275,0.3115,0.1882,m
T1125,AF2M_TS2_1,36.1,2,0.30259523,1,0.2665,0.3054,0.2206,m
T1125,AF2M_TS3_3,35.9,3,0.32410258,1,0.2796,0.3186,0.2418,m
T1125,AF2M_TS4_2,35,4,0.29151174,1,0.272,0.314,0.2227,m
T1125,AF2M_TS5_4,33.3,5,0.28555936,1,0.2594,0.2976,0.2158,m
T1130,AF2_TS1_5_0_rel,43.01,1,0.3800955,1,0.4392,0.4863,0.439,ar
T1130,AF2_TS2_1_0_rel,41.72,2,0.38264465,1,0.4236,0.4733,0.3789,ar
T1130,AF2_TS3_3_0_rel,41.15,3,0.3717565,1,0.4161,0.4591,0.3608,ar
T1130,AF2_TS4_2_0_rel,39.02,4,0.32665288,1,0.3867,0.4329,0.3236,ar
T1130,AF2_TS5_4_0_rel,36.34,5,0.26134154,1,0.3122,0.3551,0.2354,ar
T1130,AF2_TS1_5_0,43.01,1,0.34862214,1,0.4393,0.4845,0.4394,a
T1130,AF2_TS2_1_0,41.72,2,0.343479,1,0.4238,0.4729,0.3798,a
T1130,AF2_TS3_3_0,41.15,3,0.33892757,1,0.4163,0.46,0.3613,a
T1130,AF2_TS4_2_0,39.02,4,0.2962429,1,0.3857,0.432,0.3239,a
T1130,AF2_TS5_4_0,36.34,5,0.2465835,1,0.3118,0.3543,0.236,a
T1130,AF2M_TS1_4,50.9,1,0.37294263,1,0.4653,0.5169,0.4704,m
T1130,AF2M_TS2_5,47.7,2,0.36987093,1,0.4933,0.551,0.5051,m
T1130,AF2M_TS3_3,44,3,0.34438914,1,0.4327,0.4729,0.4237,m
T1130,AF2M_TS4_1,42.8,4,0.33739203,1,0.4435,0.4918,0.408,m
T1130,AF2M_TS5_2,36.3,5,0.26294464,1,0.3255,0.363,0.2792,m
T1130,rel_AF2M_TS1_4,50.9,1,0.41500425,1,0.4656,0.5173,0.47,mr
T1130,rel_AF2M_TS2_5,47.7,2,0.39030558,1,0.493,0.551,0.5046,mr
T1130,rel_AF2M_TS3_3,44,3,0.3728909,1,0.4336,0.4726,0.4238,mr
T1130,rel_AF2M_TS4_1,42.8,4,0.38427475,1,0.4426,0.4885,0.4074,mr
T1130,rel_AF2M_TS5_2,36.3,5,0.29027873,1,0.3254,0.3629,0.2789,mr
T1131,AF2_TS1_2_0_rel,35.95,1,0.26466185,1,0.2569,0.3054,0.22,ar
T1131,AF2_TS2_1_0_rel,34.78,2,0.27975756,1,0.2632,0.2994,0.2032,ar
T1131,AF2_TS3_4_0_rel,34.4,3,0.24011254,1,0.2692,0.315,0.2447,ar
T1131,AF2_TS4_3_0_rel,33.95,4,0.24773741,1,0.2484,0.2953,0.2514,ar
T1131,AF2_TS5_5_0_rel,31.85,5,0.25364748,1,0.2702,0.3181,0.2687,ar
T1131,AF2_TS1_2_0,35.95,1,0.23794422,1,0.2559,0.3036,0.2209,a
T1131,AF2_TS2_1_0,34.78,2,0.24995871,1,0.2624,0.2986,0.2028,a
T1131,AF2_TS3_4_0,34.4,3,0.22928593,1,0.2688,0.3135,0.2449,a
T1131,AF2_TS4_3_0,33.95,4,0.2359484,1,0.2511,0.2941,0.2448,a
T1131,AF2_TS5_5_0,31.85,5,0.22172436,1,0.2693,0.3184,0.2688,a
T1131,AF2M_TS1_3,37.7,1,0.26409587,1,0.2702,0.3138,0.2138,m
T1131,AF2M_TS2_1,37.5,2,0.28163594,1,0.2821,0.3247,0.2092,m
T1131,AF2M_TS3_4,34.9,3,0.2397675,1,0.2679,0.3143,0.2501,m
T1131,AF2M_TS4_2,34.8,4,0.23195842,1,0.2696,0.319,0.2469,m
T1131,AF2M_TS5_5,34.6,5,0.26487225,1,0.2863,0.3359,0.2783,m
T1131,rel_AF2M_TS1_3,37.7,1,0.28212124,1,0.2704,0.3152,0.2071,mr
T1131,rel_AF2M_TS2_1,37.5,2,0.3269711,1,0.2823,0.3252,0.2094,mr
T1131,rel_AF2M_TS3_4,34.9,3,0.26069155,1,0.2682,0.3148,0.2496,mr
T1131,rel_AF2M_TS4_2,34.8,4,0.25560832,1,0.2699,0.3203,0.2468,mr
T1131,rel_AF2M_TS5_5,34.6,5,0.29901558,1,0.2867,0.3377,0.2775,mr
T1133,AF2_TS1_1_0_rel,84.83,1,0.7243535,1,0.9001,0.9332,0.9802,ar
T1133,AF2_TS2_2_0_rel,83.09,2,0.72354066,1,0.8948,0.9292,0.9799,ar
T1133,AF2_TS3_5_0_rel,82.13,3,0.72250175,1,0.8944,0.9273,0.9785,ar
T1133,AF2_TS4_4_0_rel,81.64,4,0.72011364,1,0.8972,0.9309,0.9812,ar
T1133,AF2_TS5_3_0_rel,81.19,5,0.7216789,1,0.8905,0.9241,0.9779,ar
T1133,AF2_TS1_1_0,84.83,1,0.72947,1,0.898,0.9338,0.9803,a
T1133,AF2_TS2_2_0,83.09,2,0.7292427,1,0.8931,0.9301,0.9802,a
T1133,AF2_TS3_5_0,82.13,3,0.72893834,1,0.8927,0.9288,0.9787,a
T1133,AF2_TS4_4_0,81.64,4,0.7250558,1,0.8952,0.9314,0.9813,a
T1133,AF2_TS5_3_0,81.19,5,0.7224018,1,0.8883,0.9254,0.9781,a
T1133,AF2M_TS1_1,84.8,1,0.7323799,1,0.8979,0.9345,0.9805,m
T1133,AF2M_TS2_2,83.2,2,0.7315174,1,0.8935,0.9298,0.9802,m
T1133,AF2M_TS3_5,82.2,3,0.72514784,1,0.8895,0.9263,0.9781,m
T1133,AF2M_TS4_4,82,4,0.7303227,1,0.8945,0.9309,0.9809,m
T1133,AF2M_TS5_3,81.9,5,0.72862375,1,0.8912,0.928,0.9792,m
T1133,rel_AF2M_TS1_1,84.8,1,0.71909535,1,0.8973,0.9309,0.9801,mr
T1133,rel_AF2M_TS2_2,83.2,2,0.7268603,1,0.8952,0.9291,0.98,mr
T1133,rel_AF2M_TS3_5,82.2,3,0.72278297,1,0.8917,0.9259,0.9781,mr
T1133,rel_AF2M_TS4_4,82,4,0.72155225,1,0.8966,0.9301,0.9807,mr
T1133,rel_AF2M_TS5_3,81.9,5,0.7284221,1,0.8934,0.9271,0.979,mr
T1139,AF2_TS1_3_0_rel,92.17,1,0.73358595,1,0.8752,0.9257,0.9541,ar
T1139,AF2_TS2_5_0_rel,92.14,2,0.7391521,1,0.8693,0.9241,0.9501,ar
T1139,AF2_TS3_1_0_rel,91.97,3,0.7385704,1,0.872,0.9249,0.9463,ar
T1139,AF2_TS4_2_0_rel,91.86,4,0.7352115,1,0.8723,0.9244,0.9559,ar
T1139,AF2_TS5_4_0_rel,91.01,5,0.74056864,1,0.8713,0.9245,0.9527,ar
T1139,AF2_TS1_3_0,92.17,1,0.73689723,1,0.8739,0.9256,0.9543,a
T1139,AF2_TS2_5_0,92.14,2,0.7418266,1,0.8686,0.9252,0.9503,a
T1139,AF2_TS3_1_0,91.97,3,0.73797625,1,0.8697,0.9235,0.9466,a
T1139,AF2_TS4_2_0,91.86,4,0.7386271,1,0.871,0.9238,0.956,a
T1139,AF2_TS5_4_0,91.01,5,0.73501456,1,0.8697,0.9227,0.9529,a
T1139,AF2M_TS1_5,92.3,1,0.7383709,1,0.8681,0.9238,0.9518,m
T1139,AF2M_TS2_3,92.3,2,0.7406806,1,0.8752,0.9261,0.9593,m
T1139,AF2M_TS3_2,92.2,3,0.74567544,1,0.8728,0.9253,0.959,m
T1139,AF2M_TS4_1,92.2,4,0.73659205,1,0.8723,0.9262,0.9573,m
T1139,AF2M_TS5_4,92,5,0.74298424,1,0.8759,0.9283,0.958,m
T1139,rel_AF2M_TS1_5,92.3,1,0.7340002,1,0.8691,0.9232,0.9516,mr
T1139,rel_AF2M_TS2_3,92.3,2,0.73269033,1,0.8762,0.9268,0.9592,mr
T1139,rel_AF2M_TS3_2,92.2,3,0.74247587,1,0.8743,0.9254,0.9588,mr
T1139,rel_AF2M_TS4_1,92.2,4,0.7333573,1,0.8742,0.9266,0.9573,mr
T1139,rel_AF2M_TS5_4,92,5,0.741953,1,0.8773,0.9297,0.9579,mr
T1145,AF2_TS1_3_0_rel,94.31,1,0.7558837,1,0.8713,0.9196,0.8906,ar
T1145,AF2_TS2_4_0_rel,93.61,2,0.7497534,1,0.8693,0.9204,0.8604,ar
T1145,AF2_TS3_5_0_rel,93.42,3,0.7624985,1,0.8807,0.9281,0.9226,ar
T1145,AF2_TS4_1_0_rel,92.07,4,0.7620447,1,0.864,0.9156,0.8661,ar
T1145,AF2_TS5_2_0_rel,91.98,5,0.7554656,1,0.8579,0.9073,0.857,ar
T1145,AF2_TS1_3_0,94.31,1,0.74886495,1,0.8718,0.9209,0.8907,a
T1145,AF2_TS2_4_0,93.61,2,0.74713457,1,0.8703,0.9205,0.86,a
T1145,AF2_TS3_5_0,93.42,3,0.7637127,1,0.8805,0.9273,0.9221,a
T1145,AF2_TS4_1_0,92.07,4,0.7615661,1,0.864,0.9158,0.8659,a
T1145,AF2_TS5_2_0,91.98,5,0.7532612,1,0.8589,0.9074,0.8564,a
T1145,AF2M_TS1_3,94.1,1,0.75094324,1,0.8702,0.92,0.8554,m
T1145,AF2M_TS2_4,93.6,2,0.7442845,1,0.8715,0.9201,0.87,m
T1145,AF2M_TS3_5,92.9,3,0.7573384,1,0.8704,0.9217,0.9172,m
T1145,AF2M_TS4_1,92.4,4,0.7476375,1,0.8649,0.915,0.8379,m
T1145,AF2M_TS5_2,91.7,5,0.7494218,1,0.8646,0.9126,0.8725,m
T1145,rel_AF2M_TS1_3,94.1,1,0.74717426,1,0.8695,0.9192,0.8554,mr
T1145,rel_AF2M_TS2_4,93.6,2,0.7548114,1,0.8712,0.9206,0.87,mr
T1145,rel_AF2M_TS3_5,92.9,3,0.7548965,1,0.8698,0.9198,0.9171,mr
T1145,rel_AF2M_TS4_1,92.4,4,0.7568065,1,0.8639,0.9145,0.838,mr
T1145,rel_AF2M_TS5_2,91.7,5,0.76002294,1,0.8637,0.9123,0.8724,mr
T1146,AF2_TS1_3_0_rel,91.11,1,0.7877621,1,0.8679,0.9208,0.973,ar
T1146,AF2_TS2_4_0_rel,91.03,2,0.79871553,1,0.8604,0.9217,0.9738,ar
T1146,AF2_TS3_5_0_rel,90.79,3,0.79538125,1,0.8668,0.923,0.9734,ar
T1146,AF2_TS4_2_0_rel,90.57,4,0.78637457,1,0.8604,0.9232,0.9744,ar
T1146,AF2_TS5_1_0_rel,90.14,5,0.78938615,1,0.8539,0.9152,0.9714,ar
T1146,AF2_TS1_3_0,91.11,1,0.78875625,1,0.8649,0.9197,0.973,a
T1146,AF2_TS2_4_0,91.03,2,0.79122126,1,0.8581,0.9217,0.9739,a
T1146,AF2_TS3_5_0,90.79,3,0.7950553,1,0.8655,0.9228,0.9735,a
T1146,AF2_TS4_2_0,90.57,4,0.78958935,1,0.8587,0.9232,0.9745,a
T1146,AF2_TS5_1_0,90.14,5,0.79350746,1,0.8516,0.9158,0.9714,a
T1146,AF2M_TS1_2,91.1,1,0.794411,1,0.8612,0.9223,0.9742,m
T1146,AF2M_TS2_5,90.9,2,0.7913709,1,0.8644,0.9237,0.9738,m
T1146,AF2M_TS3_4,90.9,3,0.7941214,1,0.8631,0.9229,0.9746,m
T1146,AF2M_TS4_3,90.6,4,0.7921656,1,0.8647,0.9212,0.9735,m
T1146,AF2M_TS5_1,90.4,5,0.78622353,1,0.857,0.9172,0.972,m
T1146,rel_AF2M_TS1_2,91.1,1,0.79348767,1,0.8629,0.9226,0.9741,mr
T1146,rel_AF2M_TS2_5,90.9,2,0.79007673,1,0.8651,0.9238,0.9737,mr
T1146,rel_AF2M_TS3_4,90.9,3,0.7850905,1,0.8657,0.9235,0.9745,mr
T1146,rel_AF2M_TS4_3,90.6,4,0.79256815,1,0.8682,0.9221,0.9735,mr
T1146,rel_AF2M_TS5_1,90.4,5,0.78921926,1,0.8587,0.9171,0.972,mr
T1147,AF2_TS1_4_0_rel,92.02,1,0.79282266,1,0.9146,0.9686,0.9808,ar
T1147,AF2_TS2_3_0_rel,90.28,2,0.7916447,1,0.9119,0.9703,0.9814,ar
T1147,AF2_TS3_5_0_rel,90.04,3,0.7835387,1,0.9037,0.9592,0.9779,ar
T1147,AF2_TS4_2_0_rel,89.87,4,0.80047446,1,0.9089,0.9672,0.9795,ar
T1147,AF2_TS5_1_0_rel,88.25,5,0.7848727,1,0.9055,0.9638,0.9769,ar
T1147,AF2_TS1_4_0,92.02,1,0.7872994,1,0.9113,0.9684,0.9806,a
T1147,AF2_TS2_3_0,90.28,2,0.80203295,1,0.908,0.968,0.981,a
T1147,AF2_TS3_5_0,90.04,3,0.78347194,1,0.9006,0.9571,0.9768,a
T1147,AF2_TS4_2_0,89.87,4,0.79960257,1,0.9052,0.9659,0.9785,a
T1147,AF2_TS5_1_0,88.25,5,0.7906281,1,0.9027,0.9602,0.9757,a
T1147,AF2M_TS1_4,92,1,0.7889857,1,0.9134,0.968,0.9807,m
T1147,AF2M_TS2_2,89.2,2,0.7951498,1,0.904,0.9645,0.9776,m
T1147,AF2M_TS3_3,89.2,3,0.8010319,1,0.9079,0.9667,0.9804,m
T1147,AF2M_TS4_5,88.7,4,0.7839395,1,0.8945,0.9439,0.9693,m
T1147,AF2M_TS5_1,87.9,5,0.79220265,1,0.902,0.9607,0.9761,m
T1147,rel_AF2M_TS1_4,92,1,0.7964795,1,0.9182,0.971,0.9812,mr
T1147,rel_AF2M_TS2_2,89.2,2,0.79863626,1,0.9082,0.9671,0.9787,mr
T1147,rel_AF2M_TS3_3,89.2,3,0.79674554,1,0.9129,0.9708,0.9814,mr
T1147,rel_AF2M_TS4_5,88.7,4,0.7845599,1,0.8964,0.9474,0.9707,mr
T1147,rel_AF2M_TS5_1,87.9,5,0.7847645,1,0.9061,0.9648,0.9775,mr
T1150,AF2_TS1_3_0_rel,93.79,1,0.82445085,1,0.8641,0.9247,0.9739,ar
T1150,AF2_TS2_5_0_rel,93.75,2,0.81777763,1,0.8857,0.9424,0.9838,ar
T1150,AF2_TS3_4_0_rel,93.53,3,0.81884784,1,0.8879,0.9462,0.9849,ar
T1150,AF2_TS4_2_0_rel,92.76,4,0.81640244,1,0.8625,0.922,0.9717,ar
T1150,AF2_TS5_1_0_rel,92.33,5,0.8191546,1,0.872,0.9293,0.9743,ar
T1150,AF2_TS1_3_0,93.79,1,0.82171774,1,0.8635,0.9255,0.9741,a
T1150,AF2_TS2_5_0,93.75,2,0.81489074,1,0.8843,0.943,0.9839,a
T1150,AF2_TS3_4_0,93.53,3,0.8166358,1,0.886,0.9464,0.9849,a
T1150,AF2_TS4_2_0,92.76,4,0.8151229,1,0.8621,0.9233,0.9719,a
T1150,AF2_TS5_1_0,92.33,5,0.82018185,1,0.8707,0.9304,0.9742,a
T1150,AF2M_TS1_5,93.9,1,0.8181683,1,0.8803,0.9376,0.9792,m
T1150,AF2M_TS2_4,93.6,2,0.81344986,1,0.888,0.9447,0.9842,m
T1150,AF2M_TS3_3,93.6,3,0.8180289,1,0.8772,0.9382,0.9823,m
T1150,AF2M_TS4_2,92.9,4,0.8200377,1,0.8616,0.9206,0.9699,m
T1150,AF2M_TS5_1,92.4,5,0.817354,1,0.8832,0.9397,0.9797,m
T1150,rel_AF2M_TS1_5,93.9,1,0.82434165,1,0.881,0.937,0.9792,mr
T1150,rel_AF2M_TS2_4,93.6,2,0.8172871,1,0.8903,0.9444,0.9842,mr
T1150,rel_AF2M_TS3_3,93.6,3,0.8196163,1,0.8787,0.9383,0.9822,mr
T1150,rel_AF2M_TS4_2,92.9,4,0.81906,1,0.8628,0.9211,0.9699,mr
T1150,rel_AF2M_TS5_1,92.4,5,0.8229119,1,0.8854,0.9391,0.9797,mr
T1154,AF2_TS1_5_0_rel,46.68,1,0.29467577,1,0.3931,0.4341,0.3145,ar
T1154,AF2_TS2_4_0_rel,45.62,2,0.3034218,1,0.3522,0.3901,0.2838,ar
T1154,AF2_TS3_3_0_rel,45.36,3,0.31323195,1,0.3708,0.4118,0.3019,ar
T1154,AF2_TS4_2_0_rel,40.82,4,0.28806773,1,0.3414,0.3837,0.2671,ar
T1154,AF2_TS5_1_0_rel,38.87,5,0.29432684,1,0.3147,0.3515,0.283,ar
T1154,AF2_TS1_5_0,46.68,1,0.2948268,1,0.3969,0.4351,0.3142,a
T1154,AF2_TS2_4_0,45.62,2,0.29236007,1,0.351,0.3877,0.2834,a
T1154,AF2_TS3_3_0,45.36,3,0.30198592,1,0.3691,0.4089,0.3019,a
T1154,AF2_TS4_2_0,40.82,4,0.27646452,1,0.3429,0.3825,0.2673,a
T1154,AF2_TS5_1_0,38.87,5,0.28300065,1,0.3138,0.3482,0.2834,a
T1154,AF2M_TS1_3,46.8,1,0.30126134,1,0.3896,0.4269,0.3087,m
T1154,AF2M_TS2_5,45.9,2,0.3001675,1,0.4216,0.4619,0.392,m
T1154,AF2M_TS3_4,43.2,3,0.2896359,1,0.3436,0.3815,0.2833,m
T1154,AF2M_TS4_1,41.2,4,0.30834898,1,0.3898,0.4315,0.2624,m
T1154,AF2M_TS5_2,39.4,5,0.2768031,1,0.346,0.3863,0.2514,m
T1155,AF2_TS1_3_0_rel,82.34,1,0.6314285,1,0.5796,0.6497,0.6755,ar
T1155,AF2_TS2_4_0_rel,81.06,2,0.6787922,1,0.5916,0.6674,0.6937,ar
T1155,AF2_TS3_1_0_rel,79.5,3,0.65660083,1,0.5816,0.6521,0.6691,ar
T1155,AF2_TS4_5_0_rel,78.4,4,0.62415415,1,0.5754,0.645,0.6726,ar
T1155,AF2_TS5_2_0_rel,76.76,5,0.64390343,1,0.5745,0.6454,0.6672,ar
T1155,AF2_TS1_3_0,82.34,1,0.6313221,1,0.5804,0.6495,0.6754,a
T1155,AF2_TS2_4_0,81.06,2,0.652006,1,0.5933,0.6667,0.6947,a
T1155,AF2_TS3_1_0,79.5,3,0.64026594,1,0.5829,0.6529,0.6686,a
T1155,AF2_TS4_5_0,78.4,4,0.61109674,1,0.5772,0.6448,0.6722,a
T1155,AF2_TS5_2_0,76.76,5,0.6325324,1,0.5751,0.645,0.6657,a
T1155,AF2M_TS1_3,84.2,1,0.64960206,1,0.5961,0.6741,0.6883,m
T1155,AF2M_TS2_4,80.2,2,0.64300084,1,0.5966,0.6696,0.6954,m
T1155,AF2M_TS3_1,79,3,0.6088561,1,0.578,0.6455,0.658,m
T1155,AF2M_TS4_5,78.2,4,0.6006262,1,0.5782,0.6437,0.6715,m
T1155,AF2M_TS5_2,75.7,5,0.639989,1,0.5822,0.6559,0.6716,m
T1155,rel_AF2M_TS1_3,84.2,1,0.6768164,1,0.5947,0.6745,0.6875,mr
T1155,rel_AF2M_TS2_4,80.2,2,0.67849267,1,0.5955,0.6693,0.6944,mr
T1155,rel_AF2M_TS3_1,79,3,0.6596485,1,0.5773,0.6455,0.659,mr
T1155,rel_AF2M_TS4_5,78.2,4,0.6360515,1,0.5764,0.6417,0.6712,mr
T1155,rel_AF2M_TS5_2,75.7,5,0.6447363,1,0.5814,0.6572,0.6709,mr
T1158,AF2_TS4_5_0_rel,81.84,4,0.6880921,1,0.8357,0.922,0.8558,ar
T1158,AF2_TS2_4_0_rel,82.41,2,0.684639,1,0.8366,0.922,0.8599,ar
T1158,AF2_TS1_3_0_rel,83.99,1,0.6837017,1,0.8382,0.9242,0.8673,ar
T1158,AF2_TS5_1_0_rel,80.61,5,0.68015885,1,0.8347,0.9215,0.8248,ar
T1158,AF2_TS3_2_0_rel,82.1,3,0.67752177,1,0.8256,0.9144,0.8414,ar
T1158,AF2_TS1_3_0,83.99,1,0.68703586,1,0.8396,0.9247,0.8672,a
T1158,AF2_TS2_4_0,82.41,2,0.69193774,1,0.8374,0.9223,0.86,a
T1158,AF2_TS3_2_0,82.1,3,0.6905322,1,0.8398,0.9262,0.8417,a
T1158,AF2_TS4_5_0,81.84,4,0.6897291,1,0.8369,0.9228,0.8558,a
T1158,AF2_TS5_1_0,80.61,5,0.69211054,1,0.8371,0.9222,0.825,a
T1158,AF2M_TS1_3,83.7,1,0.6895668,1,0.8395,0.9248,0.8655,m
T1158,AF2M_TS2_4,82.3,2,0.68724585,1,0.8385,0.9231,0.8709,m
T1158,AF2M_TS3_2,81.8,3,0.6886281,1,0.8397,0.9261,0.8452,m
T1158,AF2M_TS4_5,81.2,4,0.6907498,1,0.8364,0.9228,0.8477,m
T1158,AF2M_TS5_1,80.8,5,0.68820125,1,0.8368,0.9218,0.8235,m
T1159,AF2_TS1_5_0_rel,97.61,1,0.7608923,1,0.9277,0.9654,0.982,ar
T1159,AF2_TS2_3_0_rel,97.35,2,0.7644407,1,0.9264,0.9646,0.9812,ar
T1159,AF2_TS3_4_0_rel,97.12,3,0.75671804,1,0.9239,0.9604,0.981,ar
T1159,AF2_TS4_2_0_rel,97.11,4,0.76553464,1,0.9167,0.9578,0.9785,ar
T1159,AF2_TS5_1_0_rel,97.08,5,0.7742235,1,0.9159,0.9588,0.9789,ar
T1159,AF2_TS1_5_0,97.61,1,0.7397988,1,0.9255,0.9656,0.9821,a
T1159,AF2_TS2_3_0,97.35,2,0.7435318,1,0.9228,0.9646,0.9811,a
T1159,AF2_TS3_4_0,97.12,3,0.7401475,1,0.9212,0.9612,0.9808,a
T1159,AF2_TS4_2_0,97.11,4,0.7527572,1,0.914,0.959,0.9786,a
T1159,AF2_TS5_1_0,97.08,5,0.7511449,1,0.9127,0.9591,0.9789,a
T1159,AF2M_TS1_5,97.6,1,0.74195594,1,0.9265,0.9656,0.9824,m
T1159,AF2M_TS2_3,97.4,2,0.74662155,1,0.9227,0.9646,0.9808,m
T1159,AF2M_TS3_2,97.1,3,0.7544457,1,0.9168,0.9594,0.9789,m
T1159,AF2M_TS4_1,97.1,4,0.75934094,1,0.9144,0.9596,0.98,m
T1159,AF2M_TS5_4,97.1,5,0.75372845,1,0.9245,0.9632,0.9816,m
T1159,rel_AF2M_TS1_5,97.6,1,0.7559112,1,0.9288,0.9653,0.9823,mr
T1159,rel_AF2M_TS2_3,97.4,2,0.76432186,1,0.9259,0.964,0.9807,mr
T1159,rel_AF2M_TS3_2,97.1,3,0.7590889,1,0.9195,0.9586,0.9788,mr
T1159,rel_AF2M_TS4_1,97.1,4,0.76888514,1,0.918,0.9607,0.98,mr
T1159,rel_AF2M_TS5_4,97.1,5,0.75292796,1,0.9274,0.9636,0.9817,mr
T1162,AF2_TS1_3_0_rel,91.01,1,0.79705966,1,0.8868,0.9321,0.9713,ar
T1162,AF2_TS2_4_0_rel,90.46,2,0.7976662,1,0.877,0.9242,0.965,ar
T1162,AF2_TS3_2_0_rel,90.37,3,0.7922087,1,0.899,0.9401,0.9725,ar
T1162,AF2_TS4_5_0_rel,90.24,4,0.8039487,1,0.8964,0.9362,0.973,ar
T1162,AF2_TS5_1_0_rel,89.48,5,0.79744196,1,0.8917,0.9305,0.9693,ar
T1162,AF2_TS1_3_0,91.01,1,0.7975929,1,0.8859,0.9306,0.9705,a
T1162,AF2_TS2_4_0,90.46,2,0.7996856,1,0.8751,0.9222,0.9641,a
T1162,AF2_TS3_2_0,90.37,3,0.7953261,1,0.8967,0.9383,0.9717,a
T1162,AF2_TS4_5_0,90.24,4,0.80087423,1,0.8944,0.9333,0.9724,a
T1162,AF2_TS5_1_0,89.48,5,0.80443543,1,0.8892,0.9284,0.9684,a
T1162,AF2M_TS1_3,91,1,0.79501045,1,0.8893,0.9319,0.9718,m
T1162,AF2M_TS2_4,90.6,2,0.7981885,1,0.893,0.9378,0.9727,m
T1162,AF2M_TS3_2,90.2,3,0.7925464,1,0.8947,0.9387,0.9723,m
T1162,AF2M_TS4_5,90.1,4,0.7993394,1,0.8936,0.9346,0.9733,m
T1162,AF2M_TS5_1,89.2,5,0.7947692,1,0.8782,0.9225,0.9643,m
T1162,rel_AF2M_TS1_3,91,1,0.78944176,1,0.891,0.9343,0.9725,mr
T1162,rel_AF2M_TS2_4,90.6,2,0.7977749,1,0.8938,0.9385,0.9732,mr
T1162,rel_AF2M_TS3_2,90.2,3,0.7954461,1,0.8962,0.9408,0.9731,mr
T1162,rel_AF2M_TS4_5,90.1,4,0.80339587,1,0.8957,0.9368,0.974,mr
T1162,rel_AF2M_TS5_1,89.2,5,0.7982751,1,0.8801,0.9242,0.9653,mr
T1163,AF2_TS1_3_0_rel,91.39,1,0.7953416,1,0.9017,0.9381,0.9731,ar
T1163,AF2_TS2_2_0_rel,90.24,2,0.7912402,1,0.9049,0.9363,0.9758,ar
T1163,AF2_TS3_5_0_rel,89.96,3,0.7941581,1,0.892,0.9281,0.9604,ar
T1163,AF2_TS4_1_0_rel,89.85,4,0.78742653,1,0.8941,0.9257,0.9648,ar
T1163,AF2_TS5_4_0_rel,89.82,5,0.7919052,1,0.8986,0.9323,0.965,ar
T1163,AF2_TS1_3_0,91.39,1,0.7976621,1,0.8996,0.938,0.9729,a
T1163,AF2_TS2_2_0,90.24,2,0.7998993,1,0.9027,0.9351,0.9756,a
T1163,AF2_TS3_5_0,89.96,3,0.7989508,1,0.89,0.9275,0.96,a
T1163,AF2_TS4_1_0,89.85,4,0.7880886,1,0.8915,0.924,0.9646,a
T1163,AF2_TS5_4_0,89.82,5,0.79336405,1,0.8974,0.9296,0.9647,a
T1163,AF2M_TS1_3,91.4,1,0.7974142,1,0.8978,0.9349,0.9721,m
T1163,AF2M_TS2_5,89.9,2,0.7973938,1,0.891,0.9241,0.9571,m
T1163,AF2M_TS3_4,89.9,3,0.79376155,1,0.8956,0.9317,0.9679,m
T1163,AF2M_TS4_2,89.4,4,0.7971231,1,0.8887,0.9187,0.9586,m
T1163,AF2M_TS5_1,89.3,5,0.79006493,1,0.8824,0.9164,0.9573,m
T1163,rel_AF2M_TS1_3,91.4,1,0.7956543,1,0.8996,0.9355,0.9722,mr
T1163,rel_AF2M_TS2_5,89.9,2,0.7955947,1,0.8939,0.9263,0.9571,mr
T1163,rel_AF2M_TS3_4,89.9,3,0.7951263,1,0.898,0.9335,0.968,mr
T1163,rel_AF2M_TS4_2,89.4,4,0.79212844,1,0.8903,0.9196,0.959,mr
T1163,rel_AF2M_TS5_1,89.3,5,0.794123,1,0.8842,0.9178,0.9576,mr
T1175,AF2_TS1_3_0_rel,85.62,1,0.7493042,1,0.8457,0.9197,0.9589,ar
T1175,AF2_TS2_5_0_rel,84.67,2,0.7395149,1,0.8418,0.922,0.9606,ar
T1175,AF2_TS3_4_0_rel,82.81,3,0.72925484,1,0.7668,0.8378,0.9297,ar
T1175,AF2_TS4_2_0_rel,81.9,4,0.72542995,1,0.7672,0.8371,0.9214,ar
T1175,AF2_TS5_1_0_rel,80.93,5,0.6924108,1,0.7627,0.8361,0.9261,ar
T1175,AF2M_TS1_3,86.1,1,0.7528051,1,0.8546,0.9287,0.9568,m
T1175,AF2M_TS2_5,84.8,2,0.74274355,1,0.8434,0.9231,0.9621,m
T1175,AF2M_TS3_4,83.6,3,0.72929454,1,0.7753,0.8449,0.9301,m
T1175,AF2M_TS4_2,81.7,4,0.71067584,1,0.7757,0.8414,0.9283,m
T1175,AF2M_TS5_1,81.6,5,0.7052136,1,0.7616,0.8373,0.9241,m
T1175,rel_AF2M_TS1_3,86.1,1,0.7582974,1,0.8557,0.93,0.9568,mr
T1175,rel_AF2M_TS2_5,84.8,2,0.74694836,1,0.8436,0.9243,0.9621,mr
T1175,rel_AF2M_TS3_4,83.6,3,0.7438661,1,0.7751,0.845,0.9295,mr
T1175,rel_AF2M_TS4_2,81.7,4,0.7228913,1,0.7767,0.8439,0.9284,mr
T1175,rel_AF2M_TS5_1,81.6,5,0.72200745,1,0.7611,0.8377,0.9239,mr
T1177,AF2_TS1_3_0_rel,95.02,1,0.803918,1,0.8864,0.9505,0.9573,ar
T1177,AF2_TS2_2_0_rel,94.87,2,0.82303923,1,0.8801,0.9457,0.9604,ar
T1177,AF2_TS3_5_0_rel,94.03,3,0.8040506,1,0.8472,0.9179,0.9521,ar
T1177,AF2_TS4_4_0_rel,93.96,4,0.80742013,1,0.8776,0.9436,0.9608,ar
T1177,AF2_TS5_1_0_rel,93.96,5,0.81830347,1,0.8498,0.9223,0.9514,ar
T1177,AF2_TS1_3_0,95.02,1,0.8193038,1,0.8869,0.9494,0.9573,a
T1177,AF2_TS2_2_0,94.87,2,0.8129404,1,0.8816,0.9457,0.9605,a
T1177,AF2_TS3_5_0,94.03,3,0.79481554,1,0.8475,0.9165,0.952,a
T1177,AF2_TS4_4_0,93.96,4,0.79966843,1,0.8786,0.9419,0.9609,a
T1177,AF2_TS5_1_0,93.96,5,0.8117568,1,0.8519,0.9228,0.9517,a
T1177,AF2M_TS1_2,94.8,1,0.8164736,1,0.8825,0.9457,0.961,m
T1177,AF2M_TS2_1,94.7,2,0.81385356,1,0.8853,0.9506,0.9574,m
T1177,AF2M_TS3_5,94.1,3,0.79301965,1,0.8349,0.9088,0.9476,m
T1177,AF2M_TS4_4,93.1,4,0.7993427,1,0.8538,0.923,0.9566,m
T1177,AF2M_TS5_3,93.1,5,0.7962248,1,0.8666,0.9304,0.9452,m
T1177,rel_AF2M_TS1_2,94.8,1,0.8140437,1,0.882,0.9475,0.961,mr
T1177,rel_AF2M_TS2_1,94.7,2,0.81759465,1,0.883,0.951,0.9572,mr
T1177,rel_AF2M_TS3_5,94.1,3,0.8105801,1,0.8341,0.9103,0.9476,mr
T1177,rel_AF2M_TS4_4,93.1,4,0.8169713,1,0.8523,0.923,0.9566,mr
T1177,rel_AF2M_TS5_3,93.1,5,0.80794716,1,0.8655,0.931,0.9451,mr
T1180,AF2_TS1_4_0_rel,93.87,1,0.8378528,1,0.8207,0.8936,0.6369,ar
T1180,AF2_TS2_5_0_rel,93.28,2,0.8355826,1,0.8248,0.8947,0.6387,ar
T1180,AF2_TS3_3_0_rel,92.94,3,0.83528453,1,0.8187,0.8876,0.6404,ar
T1180,AF2_TS4_1_0_rel,92.94,4,0.83686477,1,0.8215,0.8936,0.6379,ar
T1180,AF2_TS5_2_0_rel,92.82,5,0.83539927,1,0.8237,0.8928,0.6374,ar
T1180,AF2_TS1_4_0,93.87,1,0.83541936,1,0.8212,0.8938,0.6369,a
T1180,AF2_TS2_5_0,93.28,2,0.8325372,1,0.825,0.8955,0.6387,a
T1180,AF2_TS3_3_0,92.94,3,0.8374295,1,0.8199,0.888,0.6405,a
T1180,AF2_TS4_1_0,92.94,4,0.8375009,1,0.8215,0.8936,0.6379,a
T1180,AF2_TS5_2_0,92.82,5,0.8337711,1,0.8237,0.8934,0.6373,a
T1180,AF2M_TS1_4,93.3,1,0.8396206,1,0.8259,0.8933,0.6526,m
T1180,AF2M_TS2_3,93.2,2,0.83144057,1,0.8312,0.8959,0.6651,m
T1180,AF2M_TS3_5,92.9,3,0.83339673,1,0.8295,0.9,0.6872,m
T1180,AF2M_TS4_1,92.4,4,0.83344716,1,0.8341,0.8997,0.6502,m
T1180,AF2M_TS5_2,91.3,5,0.8273612,1,0.8306,0.8945,0.6447,m
T1180,rel_AF2M_TS1_4,93.3,1,0.83891594,1,0.8252,0.8928,0.6525,mr
T1180,rel_AF2M_TS2_3,93.2,2,0.8368412,1,0.8303,0.8954,0.665,mr
T1180,rel_AF2M_TS3_5,92.9,3,0.83510745,1,0.829,0.8989,0.687,mr
T1180,rel_AF2M_TS4_1,92.4,4,0.83669776,1,0.8348,0.9001,0.6501,mr
T1180,rel_AF2M_TS5_2,91.3,5,0.8327672,1,0.8307,0.8942,0.6447,mr
T1182,AF2_TS1_3_0_rel,93.88,1,0.7945772,1,0.9171,0.9653,0.9868,ar
T1182,AF2_TS2_5_0_rel,93.59,2,0.7847911,1,0.8951,0.9402,0.9434,ar
T1182,AF2_TS3_4_0_rel,93.22,3,0.79343545,1,0.9113,0.962,0.9862,ar
T1182,AF2_TS4_2_0_rel,92.58,4,0.7922305,1,0.9021,0.9512,0.9676,ar
T1182,AF2_TS5_1_0_rel,92.09,5,0.7935548,1,0.9016,0.9521,0.9746,ar
T1182,AF2_TS1_3_0,93.88,1,0.79837465,1,0.9155,0.9648,0.9868,a
T1182,AF2_TS2_5_0,93.59,2,0.78584903,1,0.893,0.9399,0.9434,a
T1182,AF2_TS3_4_0,93.22,3,0.794817,1,0.9091,0.9618,0.9861,a
T1182,AF2_TS4_2_0,92.58,4,0.798309,1,0.8992,0.9509,0.9676,a
T1182,AF2_TS5_1_0,92.09,5,0.7949056,1,0.8984,0.9519,0.9746,a
T1182,AF2M_TS1_3,93.8,1,0.79418457,1,0.9132,0.9655,0.9877,m
T1182,AF2M_TS2_5,93.3,2,0.7992021,1,0.8983,0.9467,0.964,m
T1182,AF2M_TS3_4,93.1,3,0.7952726,1,0.9089,0.9584,0.9861,m
T1182,AF2M_TS4_2,92.6,4,0.7955715,1,0.9005,0.9546,0.9744,m
T1182,AF2M_TS5_1,92.2,5,0.7950414,1,0.899,0.9535,0.9776,m
T1182,rel_AF2M_TS1_3,93.8,1,0.78903496,1,0.9151,0.9653,0.9877,mr
T1182,rel_AF2M_TS2_5,93.3,2,0.79273826,1,0.9007,0.9473,0.964,mr
T1182,rel_AF2M_TS3_4,93.1,3,0.790486,1,0.9113,0.9593,0.9862,mr
T1182,rel_AF2M_TS4_2,92.6,4,0.79333806,1,0.903,0.9548,0.9744,mr
T1182,rel_AF2M_TS5_1,92.2,5,0.79249287,1,0.9015,0.9529,0.9775,mr
T1183,AF2_TS1_4_0_rel,93.49,1,0.77960765,1,0.9109,0.9654,0.986,ar
T1183,AF2_TS2_5_0_rel,93.27,2,0.7706935,1,0.892,0.9586,0.9769,ar
T1183,AF2_TS3_1_0_rel,92.66,3,0.78546023,1,0.9089,0.9667,0.9852,ar
T1183,AF2_TS4_3_0_rel,91.65,4,0.7833572,1,0.8968,0.9548,0.9809,ar
T1183,AF2_TS5_2_0_rel,90.97,5,0.7815943,1,0.8981,0.953,0.9792,ar
T1183,AF2_TS1_4_0,93.49,1,0.775823,1,0.9074,0.9645,0.9856,a
T1183,AF2_TS2_5_0,93.27,2,0.7728437,1,0.8907,0.9583,0.9769,a
T1183,AF2_TS3_1_0,92.66,3,0.7778118,1,0.9078,0.966,0.985,a
T1183,AF2_TS4_3_0,91.65,4,0.7747029,1,0.8958,0.9541,0.9807,a
T1183,AF2_TS5_2_0,90.97,5,0.76541495,1,0.8973,0.9522,0.979,a
T1183,AF2M_TS1_4,93.8,1,0.7775589,1,0.9021,0.9609,0.9833,m
T1183,AF2M_TS2_1,93.6,2,0.78550977,1,0.9044,0.9661,0.9844,m
T1183,AF2M_TS3_2,93.5,3,0.7750115,1,0.9034,0.965,0.9835,m
T1183,AF2M_TS4_5,93.3,4,0.77591985,1,0.8928,0.9594,0.9782,m
T1183,AF2M_TS5_3,91.6,5,0.7691547,1,0.8878,0.9476,0.9759,m
T1183,rel_AF2M_TS1_4,93.8,1,0.77998054,1,0.9043,0.9609,0.9835,mr
T1183,rel_AF2M_TS2_1,93.6,2,0.77754337,1,0.9064,0.9668,0.9844,mr
T1183,rel_AF2M_TS3_2,93.5,3,0.78048766,1,0.9052,0.966,0.9836,mr
T1183,rel_AF2M_TS4_5,93.3,4,0.77489483,1,0.8946,0.96,0.9783,mr
T1183,rel_AF2M_TS5_3,91.6,5,0.77799374,1,0.889,0.9481,0.9759,mr
T1188,AF2_TS1_3_0_rel,90.94,1,0.7985395,1,0.9291,0.9688,0.9918,ar
T1188,AF2_TS2_4_0_rel,90.76,2,0.80016166,1,0.9296,0.9687,0.9923,ar
T1188,AF2_TS3_5_0_rel,90.56,3,0.79519224,1,0.9224,0.9609,0.9896,ar
T1188,AF2_TS4_2_0_rel,90.23,4,0.79615355,1,0.9259,0.9655,0.9906,ar
T1188,AF2_TS5_1_0_rel,89.76,5,0.7994207,1,0.9272,0.9651,0.9903,ar
T1188,AF2_TS1_3_0,90.94,1,0.80112076,1,0.9276,0.9696,0.9919,a
T1188,AF2_TS2_4_0,90.76,2,0.7995448,1,0.9278,0.9693,0.9924,a
T1188,AF2_TS3_5_0,90.56,3,0.7951066,1,0.9206,0.9613,0.9897,a
T1188,AF2_TS4_2_0,90.23,4,0.7972207,1,0.9248,0.9661,0.9908,a
T1188,AF2_TS5_1_0,89.76,5,0.80103606,1,0.9254,0.966,0.9905,a
T1194,AF2_TS1_2_0_rel,92.09,1,0.7221109,1,0.898,0.9751,0.987,ar
T1194,AF2_TS2_5_0_rel,92.04,2,0.72250235,1,0.9018,0.9724,0.9861,ar
T1194,AF2_TS3_4_0_rel,91.67,3,0.7286285,1,0.9065,0.9774,0.9911,ar
T1194,AF2_TS4_3_0_rel,91.39,4,0.7274615,1,0.89,0.968,0.9849,ar
T1194,AF2_TS5_1_0_rel,90.48,5,0.71158403,1,0.8797,0.9615,0.9747,ar
T1194,AF2_TS1_2_0,92.09,1,0.7000724,1,0.8959,0.9742,0.9871,a
T1194,AF2_TS2_5_0,92.04,2,0.705047,1,0.9001,0.9714,0.9861,a
T1194,AF2_TS3_4_0,91.67,3,0.7116134,1,0.9047,0.9758,0.9911,a
T1194,AF2_TS4_3_0,91.39,4,0.70974267,1,0.8884,0.9675,0.9848,a
T1194,AF2_TS5_1_0,90.48,5,0.70625556,1,0.8789,0.9606,0.9746,a
T1194,AF2M_TS1_5,92,1,0.71745515,1,0.8795,0.9537,0.9698,m
T1194,AF2M_TS2_2,91.9,2,0.69249517,1,0.8916,0.9658,0.9774,m
T1194,AF2M_TS3_4,91.5,3,0.7096025,1,0.8992,0.9741,0.987,m
T1194,AF2M_TS4_3,91.1,4,0.7070079,1,0.8783,0.9582,0.9802,m
T1194,AF2M_TS5_1,90.4,5,0.6905183,1,0.8916,0.9695,0.9848,m
T1194,rel_AF2M_TS1_5,92,1,0.7335609,1,0.8803,0.9543,0.9696,mr
T1194,rel_AF2M_TS2_2,91.9,2,0.71633697,1,0.8929,0.9677,0.9771,mr
T1194,rel_AF2M_TS3_4,91.5,3,0.7195401,1,0.9003,0.9745,0.9868,mr
T1194,rel_AF2M_TS4_3,91.1,4,0.72703254,1,0.8784,0.9583,0.9799,mr
T1194,rel_AF2M_TS5_1,90.4,5,0.70554346,1,0.8934,0.9704,0.985,mr
