Target,Software,Model,plDDT,pTM,ipTM,localscore,globalscore,totalscore,lDDT_oligo,Tmscore,localscoreR,globalscoreR,totalscoreR
H1106,MultiFOLD,H1106TS462_5,0.82,0.772,0,0.566997967891482,0.612570063083082,0.644873153983043,0.809,0.856,0.575688311927654,0.704405779782922,0.606069708722055
H1106,MultiFOLD,H1106TS462_4,0.823,0.769,0,0.562257594442319,0.605899134686271,0.64193341941906,0.811,0.855,0.575418729628213,0.716680061488278,0.604513089790847
H1106,MultiFOLD,H1106TS462_3,0.824,0.774,0,0.557523722433711,0.598699819908564,0.638274068228183,0.807,0.855,0.570084814955807,0.707341781993745,0.597535546605709
H1106,MultiFOLD,H1106TS462_2,0.825,0.774,0,0.549241081882313,0.608114045312435,0.633215901463165,0.812,0.856,0.568254387921542,0.692806968953982,0.60750303020829
H1106,MultiFOLD,H1106TS462_1,0.826,0.766,0,0.561770041242248,0.606818830021103,0.641644760842234,0.813,0.856,0.574850694161498,0.70512749657241,0.604883220014069
H1106,ColabFold,H1106TS446_5,0.805,0.768,0,0.589725766480192,0.615390345698095,0.650688114785525,0.794,0.851,0.591486844320128,0.712822200594985,0.60859656379873
H1106,ColabFold,H1106TS446_4,0.793,0.743,0,0.600713303832774,0.628835270366907,0.661659559466454,0.832,0.931,0.586841202555182,0.721255806784598,0.605589180244605
H1106,ColabFold,H1106TS446_3,0.805,0.757,0,0.557611085390309,0.57694339451982,0.628716119940086,0.794,0.857,0.560464390260206,0.706140612054111,0.573352596346547
H1106,ColabFold,H1106TS446_2,0.801,0.754,0,0.527189552944956,0.566730261762013,0.606752509804646,0.786,0.856,0.545444368629971,0.705929617153637,0.571804841174675
H1106,ColabFold,H1106TS446_1,0.809,0.764,0,0.579592906719132,0.602678663674192,0.642243563595549,0.787,0.853,0.581961937812754,0.706379980625495,0.597352442449462
H1111,MultiFOLD,H1111TS462_5,0.885,0.66,0,0.30557350314136,0.333179018754161,0.268265754597014,0.081,0.073,0.41747800209424,0.486792811326304,0.435881679169441
H1111,MultiFOLD,H1111TS462_4,0.892,0.649,0,0.292851495644211,0.321661525380471,0.253503240683122,0.081,0.074,0.409913330429474,0.475274595913667,0.429120016920314
H1111,MultiFOLD,H1111TS462_3,0.895,0.649,0,0.294334121491684,0.323185435661699,0.254480438102255,0.081,0.079,0.410871747661122,0.477787872200927,0.4301059571078
H1111,MultiFOLD,H1111TS462_2,0.901,0.701,0,0.297491788582161,0.325796790438179,0.26320210601356,0.081,0.073,0.412003525721441,0.485902854801924,0.430873526958786
H1111,MultiFOLD,H1111TS462_1,0.909,0.695,0,0.307078223657757,0.334620023541995,0.269409768133168,0.081,0.073,0.419142482438505,0.485733666647044,0.43750368236133
H1111,ColabFold,H1111TS446_5,0.789,0.571,0,0.276932825503681,0.309192768491126,0.246060645996538,0.08,0.079,0.395056217002454,0.315589612201545,0.416562845660751
H1111,ColabFold,H1111TS446_4,0.789,0.569,0,0.26937889483395,0.297957240408795,0.24018029016183,0.079,0.077,0.392172596555967,0.479906173138027,0.411224826939197
H1111,ColabFold,H1111TS446_3,0.799,0.576,0,0.278698724414296,0.309523265491385,0.246861273270454,0.079,0.077,0.397644482942864,0.485327839159861,0.418194176994257
H1111,ColabFold,H1111TS446_2,0.827,0.584,0,0.270003919128718,0.299930042229819,0.241456267572358,0.08,0.073,0.391875612752479,0.48540471389161,0.411826361486546
H1111,ColabFold,H1111TS446_1,0.804,0.583,0,0.269818625287999,0.299956887038535,0.241298998217689,0.08,0.079,0.391721416858666,0.480626589110962,0.411813591359024
H1114,MultiFOLD,H1114TS462_5,0.848,0.816,0,0.157689698849014,0.258846105575496,0.261903073949674,0.193,0.232,0.308851799232676,0.56849397778867,0.376289403716997
H1114,MultiFOLD,H1114TS462_4,0.876,0.886,0,0.38313655219712,0.407032603230281,0.4269418169516,0.209,0.248,0.466453368131413,0.602032664359034,0.482384068820187
H1114,MultiFOLD,H1114TS462_3,0.883,0.902,0,0.263342521922452,0.287768937521206,0.346702618962438,0.207,0.248,0.386295347948301,0.600938096410963,0.402579625014137
H1114,MultiFOLD,H1114TS462_2,0.892,0.9,0,0.280926797674606,0.304898901000176,0.358404895783188,0.209,0.246,0.398231865116404,0.60184739082004,0.41421326733345
H1114,MultiFOLD,H1114TS462_1,0.892,0.903,0,0.263764783132533,0.288223572946058,0.346948122052394,0.207,0.246,0.387190522088355,0.602014686193125,0.403496381964039
H1114,ColabFold,H1114TS446_5,0.796,0.767,0,0.468820113269116,0.510021078343296,0.435341261074942,0.104,0.123,0.526975742179411,0.653566111488123,0.554443052228864
H1114,ColabFold,H1114TS446_4,0.783,0.769,0,0.31348585440266,0.347971787886639,0.332471761526199,0.104,0.123,0.42294823626844,0.653922375074609,0.445938858591093
H1114,ColabFold,H1114TS446_3,0.8,0.773,0,0.328016109400933,0.353047748424201,0.338382805216756,0.101,0.124,0.432033406267289,0.639770800658869,0.448721165616134
H1114,ColabFold,H1114TS446_2,0.801,0.78,0,0.327592273282162,0.360831404124936,0.342632938271399,0.105,0.124,0.432056515521441,0.648494395949288,0.454215936083291
H1114,ColabFold,H1114TS446_1,0.801,0.779,0,0.322753629997462,0.357061038831817,0.338853519219519,0.105,0.124,0.429881086664975,0.656059476032805,0.452752692554544
H1129,MultiFOLD,H1129TS462_5,0.809,0.615,0,0.029951698945691,0.364923311609482,0.262887433936781,0.633,0.764,0.204594465963794,0.59752206566128,0.427908874406321
H1129,MultiFOLD,H1129TS462_4,0.815,0.584,0,0.032050575955824,0.365671311273965,0.264744416053193,0.637,0.728,0.205323717303883,0.664843353484582,0.42773754084931
H1129,MultiFOLD,H1129TS462_3,0.82,0.617,0,0.026043056035842,0.363493212531038,0.259368038694587,0.634,0.713,0.200957370690561,0.625042050554361,0.425924141687359
H1129,MultiFOLD,H1129TS462_2,0.833,0.59,0,0.002799184908843,0.364535474844802,0.244889773169097,0.636,0.646,0.185570123272562,0.426727649896535,0.426727649896535
H1129,MultiFOLD,H1129TS462_1,0.848,0.601,0,0.020713421581185,0.366136691843312,0.257900075616331,0.639,0.661,0.19787094772079,0.600832098812767,0.428153127895541
H1129,ColabFold,H1129TS446_5,0.774,0.593,0,0.076572538683617,0.395941075917354,0.31261375463398,0.7,0.756,0.238844692455745,0.624310560298089,0.451757050611569
H1129,ColabFold,H1129TS446_4,0.76,0.595,0,0.06554954492327,0.376438159464984,0.293199990025503,0.658,0.764,0.22979936328218,0.60935089221685,0.437058439643323
H1129,ColabFold,H1129TS446_3,0.791,0.597,0,0.086175518943401,0.385529019178947,0.312446300181565,0.679,0.772,0.2461196792956,0.638431744064054,0.445688679452631
H1129,ColabFold,H1129TS446_2,0.821,0.612,0,0.102752761963759,0.40838638217027,0.327544225422686,0.753,0.876,0.26184150797584,0.610060222720097,0.46559725478018
H1129,ColabFold,H1129TS446_1,0.781,0.622,0,0.089536577092944,0.387958513332972,0.313034153950611,0.669,0.767,0.250066051395296,0.63895619779341,0.449014008888648
H1134,MultiFOLD,H1134TS462_5,0.858,0.832,0,0.581506837830104,0.695661271221964,0.673834492701379,0.844,0.941,0.603221891886736,0.752605838962422,0.679324847481309
H1134,MultiFOLD,H1134TS462_4,0.861,0.854,0,0.589170896531937,0.695097914252787,0.677098307189816,0.846,0.946,0.606540264354625,0.748969280982971,0.677158276168524
H1134,MultiFOLD,H1134TS462_3,0.865,0.855,0,0.583845601174893,0.697921860385195,0.675360184373392,0.844,0.94,0.604987400783262,0.755349646722805,0.681038240256797
H1134,MultiFOLD,H1134TS462_2,0.875,0.871,0,0.539206157929397,0.689103432022202,0.639126473301066,0.887,0.972,0.576987105286265,0.689380280663299,0.676918621348135
H1134,MultiFOLD,H1134TS462_1,0.879,0.87,0,0.575961298165856,0.689414027625258,0.669974683860743,0.84,0.939,0.598626198777238,0.75411534821618,0.674261351750172
H1134,ColabFold,H1134TS446_5,0.812,0.729,0,0.583821683892699,0.691831899284457,0.671334772118104,0.836,0.934,0.6029407892618,0.750320294326805,0.674947599522971
H1134,ColabFold,H1134TS446_4,0.842,0.837,0,0.552782811589571,0.671970663118198,0.653042756471846,0.84,0.937,0.583687541059714,0.750528866804764,0.663146108745465
H1134,ColabFold,H1134TS446_3,0.848,0.849,0,0.504634765975073,0.65933208232172,0.612689698864529,0.89,0.969,0.554828177316715,0.687182184455353,0.657959721547813
H1134,ColabFold,H1134TS446_2,0.85,0.847,0,0.50551525395706,0.657222308077394,0.613390664689635,0.884,0.968,0.555376835971373,0.68796055974064,0.656514872051596
H1134,ColabFold,H1134TS446_1,0.856,0.862,0,0.495907395272509,0.653653541706801,0.608020597986207,0.888,0.97,0.54810459684834,0.688510360857379,0.653268694471201
H1135,MultiFOLD,H1135TS462_5,0.702,0.317,0,0.017300968619279,0.328897061744929,0.227413270242806,0.67,0.186,0.208453312412853,0.681916271555443,0.416184041163286
H1135,MultiFOLD,H1135TS462_4,0.767,0.382,0,0.065951658732568,0.364802143216287,0.261552797965903,0.698,0.22,0.240183105821712,0.683471317323019,0.439416762144192
H1135,MultiFOLD,H1135TS462_3,0.779,0.408,0,0.173804588544571,0.425482129071437,0.340133858410672,0.752,0.375,0.317755725696381,0.708401853461587,0.485540752714291
H1135,MultiFOLD,H1135TS462_2,0.795,0.418,0,0.222331010875567,0.472509393701402,0.374666569717979,0.747,0.376,0.349187673917045,0.598089103508349,0.515973262467601
H1135,MultiFOLD,H1135TS462_1,0.833,0.545,0,0.281107576325993,0.516188009735969,0.417093724041308,0.758,0.422,0.389964717550662,0.716637687849691,0.546685006490646
H1135,ColabFold,H1135TS446_5,0.716,0.377,0,0.094067572966961,0.375633819970815,0.280851241958518,0.758,0.244,0.271629381977974,0.720691073095297,0.459340213313877
H1135,ColabFold,H1135TS446_4,0.798,0.426,0,0.181601476396735,0.436687386358403,0.346816805170092,0.783,0.305,0.32757498426449,0.725421576951869,0.497632257572268
H1135,ColabFold,H1135TS446_3,0.764,0.444,0,0.18514424652526,0.440527508401586,0.350252003284564,0.793,0.499,0.330878497683506,0.721678395731411,0.501134005601057
H1135,ColabFold,H1135TS446_2,0.838,0.465,0,0.141612144077506,0.416410095926935,0.312244493336294,0.772,0.49,0.304735096051671,0.71529991067812,0.487933730617957
H1135,ColabFold,H1135TS446_1,0.822,0.531,0,0.28836544550476,0.526136311149819,0.423844294436386,0.796,0.419,0.397596630336507,0.723611223298422,0.556110540766546
H1137,MultiFOLD,H1137TS462_5,0.728,0.517,0,0.388672527021397,0.281127661209595,0.381958055487328,0.433,0.152,0.449302018014264,0.597520276084777,0.377605440806397
H1137,MultiFOLD,H1137TS462_4,0.777,0.517,0,0.407778815391411,0.301756069835948,0.397962763484906,0.445,0.158,0.464608543594274,0.601808372569627,0.393926713223966
H1137,MultiFOLD,H1137TS462_3,0.777,0.557,0,0.410074309655556,0.299077742412255,0.398888078045207,0.443,0.152,0.46628853977037,0.601720614472053,0.392290828274837
H1137,MultiFOLD,H1137TS462_2,0.794,0.574,0,0.412407266403583,0.302076351280704,0.401501565122858,0.444,0.159,0.468816844269055,0.604240640759574,0.395262900853802
H1137,MultiFOLD,H1137TS462_1,0.829,0.58,0,0.47128251478414,0.448743588991562,0.518751449183801,0.69,0.605,0.511270343189426,0.66388956198883,0.496244392661041
H1140,MultiFOLD,H1140TS462_5,0.858,0.617,0,0.04812156227657,0.420025640561485,0.309801479492037,0.752,0.616,0.262161041517713,0.662487470019846,0.510097093707657
H1140,MultiFOLD,H1140TS462_4,0.859,0.624,0,0.043286090851081,0.426189130722122,0.306520698382135,0.751,0.597,0.260757727234054,0.640052617360331,0.516026420481415
H1140,MultiFOLD,H1140TS462_3,0.86,0.619,0,0.038659679777262,0.426293541464077,0.304658134160893,0.749,0.598,0.256063119851508,0.637788190092371,0.514485694309385
H1140,MultiFOLD,H1140TS462_2,0.86,0.624,0,0.043733538580605,0.424475503506572,0.307850256724784,0.749,0.599,0.259157359053736,0.638964430238097,0.512985335671048
H1140,MultiFOLD,H1140TS462_1,0.861,0.613,0,0.010160424401668,0.415206458855393,0.283577922171374,0.744,0.618,0.237338616267778,0.643837310296128,0.507369305903596
H1140,ColabFold,H1140TS446_5,0.836,0.6,0,0.061978818972572,0.420329321352043,0.31125504921641,0.732,0.612,0.270233212648381,0.657130758999894,0.509133547568028
H1140,ColabFold,H1140TS446_4,0.829,0.604,0,0.114255353635867,0.459292321298365,0.358312263289488,0.748,0.604,0.301642569090578,0.677725172485822,0.53166721419891
H1140,ColabFold,H1140TS446_3,0.829,0.61,0,0.124551584558904,0.466796448726582,0.366179158856991,0.745,0.606,0.30985172303927,0.667991452589209,0.538014965817721
H1140,ColabFold,H1140TS446_2,0.83,0.61,0,0.087067067307101,0.442624678340547,0.329776157098432,0.73,0.615,0.287335711538068,0.635101863491059,0.524374118893698
H1140,ColabFold,H1140TS446_1,0.835,0.603,0,0.055390332531898,0.426613530733856,0.316708077177169,0.744,0.603,0.266269221687932,0.615506500879308,0.513751353822571
H1141,MultiFOLD,H1141TS462_5,0.88,0.636,0,0.034324311336047,0.438153321995765,0.312533653987874,0.803,0.615,0.253781540890698,0.646568479201954,0.52300088133051
H1141,MultiFOLD,H1141TS462_4,0.886,0.626,0,0.054298442557755,0.443297694366594,0.326332303282899,0.801,0.614,0.266851295038503,0.648677989393125,0.526184129577729
H1141,MultiFOLD,H1141TS462_3,0.902,0.644,0,0.065277695801417,0.448331983605505,0.333670249271281,0.801,0.613,0.274418463867612,0.646349990984004,0.529787989070337
H1141,MultiFOLD,H1141TS462_2,0.908,0.67,0,0.307652361623558,0.574981817337387,0.499775965973964,0.807,0.672,0.435599241082372,0.699678826515187,0.613818878224925
H1141,MultiFOLD,H1141TS462_1,0.919,0.753,0,0.060254917992543,0.455398815708994,0.330938029134358,0.801,0.613,0.270258945328362,0.616721886019411,0.533688210472662
H1141,ColabFold,H1141TS446_5,0.859,0.619,0,0.049790160049302,0.434888214893196,0.322015163861665,0.803,0.621,0.262627440032868,0.649537303984976,0.519359476595464
H1141,ColabFold,H1141TS446_4,0.855,0.612,0,0.03506253034439,0.440260109860948,0.312978890136892,0.803,0.615,0.25297868689626,0.610963909191515,0.523110406573965
H1141,ColabFold,H1141TS446_3,0.85,0.62,0,0.04848636700154,0.415454948061397,0.308190457275291,0.765,0.631,0.259836578001027,0.616959026364612,0.504482298707598
H1141,ColabFold,H1141TS446_2,0.874,0.675,0,0.318335149501708,0.58591847276849,0.506264048180132,0.808,0.676,0.440470099667805,0.686709843474813,0.61885898184566
H1141,ColabFold,H1141TS446_1,0.886,0.718,0,0.317583272351291,0.587223846190133,0.507195919027616,0.807,0.672,0.439478181567527,0.696624997672069,0.619238564126755
H1142,MultiFOLD,H1142TS462_5,0.868,0.64,0,0.11851904384195,0.442345271004085,0.35931481823069,0.789,0.612,0.303331695894633,0.682515044132418,0.519215847336057
H1142,MultiFOLD,H1142TS462_4,0.879,0.638,0,0.109761163747115,0.434842545990817,0.352042762491955,0.787,0.611,0.29665077583141,0.683142842254815,0.513371697327211
H1142,MultiFOLD,H1142TS462_3,0.879,0.644,0,0.082504252449444,0.423047396695526,0.333840188096646,0.787,0.611,0.277855168299629,0.655535840309838,0.504883931130351
H1142,MultiFOLD,H1142TS462_2,0.88,0.632,0,0.094105016834348,0.428182432045409,0.342448227586504,0.786,0.611,0.287614677889565,0.681575165706945,0.510332954696939
H1142,MultiFOLD,H1142TS462_1,0.88,0.648,0,0.085682455150248,0.425778330673382,0.336315584215754,0.787,0.612,0.280720970100165,0.643395863278668,0.507451553782255
H1142,ColabFold,H1142TS446_5,0.838,0.62,0,0.12682978110182,0.455427386628152,0.366257778486648,0.806,0.613,0.306562520734546,0.671922503056279,0.525627591085435
H1142,ColabFold,H1142TS446_4,0.826,0.627,0,0.111116865531257,0.445018505645476,0.359723340784488,0.804,0.614,0.300685243687504,0.687665426981192,0.523286337096984
H1142,ColabFold,H1142TS446_3,0.843,0.625,0,0.145289331152532,0.467865163622876,0.384314029850272,0.798,0.614,0.326319220768355,0.677789303290412,0.541369775748584
H1142,ColabFold,H1142TS446_2,0.839,0.626,0,0.12751590195853,0.456731525115574,0.37224648471607,0.803,0.615,0.310182267972354,0.69726237005382,0.529659350077049
H1142,ColabFold,H1142TS446_1,0.835,0.634,0,0.165979607408363,0.477351188327771,0.397535880490756,0.8,0.613,0.339838404938909,0.689155913912557,0.54741945888518
H1143,MultiFOLD,H1143TS462_5,0.954,0.881,0,0.483903494354832,0.651720839134443,0.619175215659516,0.854,0.905,0.554298996236555,0.751831108526143,0.666177226089628
H1143,MultiFOLD,H1143TS462_4,0.954,0.882,0,0.480270574186104,0.64779700318844,0.615757898249695,0.853,0.899,0.554002049457402,0.760717488136555,0.66568633545896
H1143,MultiFOLD,H1143TS462_3,0.956,0.886,0,0.501689491499667,0.666404037051167,0.631592752367223,0.859,0.923,0.567625994333111,0.769502668134587,0.677435691367445
H1143,MultiFOLD,H1143TS462_2,0.957,0.891,0,0.510089889653484,0.67412585948544,0.637760899425949,0.863,0.946,0.574147259768989,0.769117541296304,0.683504572990293
H1143,MultiFOLD,H1143TS462_1,0.958,0.886,0,0.493531173904469,0.660606159906741,0.625793172540807,0.857,0.914,0.561766782602979,0.76360308939138,0.673150106604494
H1143,ColabFold,H1143TS446_5,0.883,0.642,0,0.399728344948993,0.584293686904318,0.558255654568874,0.841,0.768,0.499570563299329,0.748087948664222,0.622614124602879
H1143,ColabFold,H1143TS446_4,0.877,0.645,0,0.412990387940287,0.595185668485555,0.567794170950561,0.841,0.786,0.507269258626858,0.743808486094195,0.62873277899037
H1143,ColabFold,H1143TS446_3,0.887,0.684,0,0.40387288497544,0.588590357611676,0.561912435058077,0.84,0.753,0.501386589983626,0.743142009008877,0.624531571741117
H1143,ColabFold,H1143TS446_2,0.934,0.906,0,0.526224533690524,0.691352742127839,0.649638263878908,0.884,0.979,0.584429022460349,0.762785862808099,0.694514494751893
H1143,ColabFold,H1143TS446_1,0.938,0.907,0,0.522220198323071,0.684677545752093,0.645260656050109,0.881,0.978,0.581085798882047,0.760404145224268,0.689390697168062
H1144,MultiFOLD,H1144TS462_5,0.886,0.704,0,0.290044717025085,0.562810800244687,0.482686944846514,0.83,0.678,0.42216914468339,0.702328792054424,0.604013200163125
H1144,MultiFOLD,H1144TS462_4,0.889,0.705,0,0.287199132299243,0.560452022988299,0.480304290191695,0.83,0.677,0.419316754866162,0.695641860111858,0.601485348658866
H1144,MultiFOLD,H1144TS462_3,0.897,0.723,0,0.2768593765718,0.553102964720054,0.473472147527903,0.831,0.68,0.412676251047867,0.707722128866268,0.596838643146703
H1144,MultiFOLD,H1144TS462_2,0.903,0.744,0,0.283485795699616,0.556676629620329,0.47761434354663,0.83,0.679,0.418763530466411,0.705789975473382,0.600890753080219
H1144,MultiFOLD,H1144TS462_1,0.906,0.751,0,0.278298387701965,0.553798164514059,0.474350394810682,0.83,0.679,0.41384059180131,0.695621585671155,0.597507109676039
H1144,ColabFold,H1144TS446_5,0.84,0.643,0,0.269731559427515,0.547117071324295,0.467171920501206,0.828,0.678,0.408614372951677,0.685086986419838,0.59353804754953
H1144,ColabFold,H1144TS446_4,0.84,0.64,0,0.248188927831153,0.536026671306536,0.450838999425126,0.83,0.676,0.394688285220769,0.67251469711034,0.586580114204357
H1144,ColabFold,H1144TS446_3,0.843,0.658,0,0.278820724294912,0.553101547054183,0.473311237566063,0.832,0.679,0.413640816196608,0.690784630296331,0.596494698036122
H1144,ColabFold,H1144TS446_2,0.855,0.674,0,0.277181012436376,0.550509668065259,0.47179267700109,0.829,0.679,0.412961341624251,0.687233345196807,0.595180445376839
H1144,ColabFold,H1144TS446_1,0.881,0.772,0,0.292190670005522,0.561631452978961,0.482913331989655,0.834,0.678,0.423529446670348,0.700485612648888,0.603156635319307
H1151,MultiFOLD,H1151TS462_5,0.85,0.788,0,0.678505009109031,0.722406382117675,0.737387094151137,0.849,0.939,0.64852633940602,0.760027966866329,0.677793921411784
H1151,MultiFOLD,H1151TS462_4,0.851,0.789,0,0.662704451144082,0.706570078977619,0.727102853414468,0.85,0.941,0.637611967429388,0.765316036858897,0.666855719318413
H1151,MultiFOLD,H1151TS462_3,0.852,0.789,0,0.673832737228659,0.718077384407252,0.734666881090608,0.851,0.94,0.644964158152439,0.759975268392714,0.674460589604835
H1151,MultiFOLD,H1151TS462_2,0.854,0.79,0,0.672760519216958,0.71552639700797,0.733104710816619,0.851,0.946,0.646601679477972,0.766899515545798,0.67511226467198
H1151,MultiFOLD,H1151TS462_1,0.853,0.791,0,0.67718389579283,0.721405886970308,0.736870988508758,0.852,0.943,0.647155930528553,0.767689132054279,0.676637257980205
H1151,ColabFold,H1151TS446_5,0.829,0.769,0,0.631638239485531,0.667121598303586,0.698816808526078,0.848,0.923,0.615324159657021,0.756163799742875,0.638979732202391
H1151,ColabFold,H1151TS446_4,0.828,0.771,0,0.646821793733769,0.689223674368238,0.713895298734671,0.851,0.936,0.62687886248918,0.759762450996173,0.655146782912158
H1151,ColabFold,H1151TS446_3,0.828,0.77,0,0.628209877129286,0.665756386679065,0.698292922538901,0.839,0.925,0.614691918086191,0.761945745193451,0.63972292445271
H1151,ColabFold,H1151TS446_2,0.829,0.772,0,0.627090332766102,0.670304386010785,0.701463595851258,0.846,0.929,0.614312555177401,0.763862858214341,0.64312192400719
H1151,ColabFold,H1151TS446_1,0.832,0.771,0,0.641716680929763,0.682231895507351,0.709814850958076,0.85,0.932,0.623110120619842,0.763876804412308,0.650120263671567
H1157,MultiFOLD,H1157TS462_5,0.898,0.693,0,0.003613407366577,0.423106058578426,0.283338091463336,0.666,0.51,0.213462604911052,0.574353556959325,0.493124372385618
H1157,MultiFOLD,H1157TS462_4,0.889,0.698,0,0.002019959173676,0.425218912627616,0.284825914534195,0.673,0.141,0.001346639449117,0.283479275085077,0.283479275085077
H1157,MultiFOLD,H1157TS462_3,0.895,0.82,0,0.006101760651803,0.426558623396121,0.286660575565282,0.669,0.509,0.214665840434536,0.499230961794923,0.494970415597414
H1157,MultiFOLD,H1157TS462_2,0.909,0.917,0,0.64138770187455,0.700390261841686,0.724675029144158,0.711,0.801,0.6413188012497,0.79291411395874,0.680653841227791
H1157,MultiFOLD,H1157TS462_1,0.92,0.928,0,0.641486812787764,0.699903294899135,0.723935885124599,0.708,0.802,0.640732541858509,0.783844228318698,0.67967686326609
H1157,ColabFold,H1157TS446_5,0.828,0.834,0,0.628555803127111,0.686850780524302,0.707724309100942,0.687,0.797,0.636371535418074,0.76953803591153,0.675234853682868
H1157,ColabFold,H1157TS446_4,0.831,0.822,0,0.635885652143414,0.700270961335037,0.720557575652301,0.705,0.793,0.639708101428943,0.785771971999631,0.682631640890025
H1157,ColabFold,H1157TS446_3,0.831,0.824,0,0.654788448812207,0.715698541580501,0.734967340261806,0.706,0.797,0.650934632541472,0.782881877503979,0.691541361053667
H1157,ColabFold,H1157TS446_2,0.84,0.841,0,0.650474808422404,0.714925099045694,0.732359104978732,0.705,0.797,0.648619538948269,0.781447479500498,0.691586399363796
H1157,ColabFold,H1157TS446_1,0.834,0.834,0,0.620509555602108,0.685015552034424,0.712084105091021,0.711,0.793,0.628081037068072,0.782336928899946,0.671085034689616
H1166,MultiFOLD,H1166TS462_5,0.889,0.68,0,0.428742036451044,0.535743298122859,0.566892473049268,0.808,0.75,0.518134690967363,0.789831259327023,0.589468865415239
H1166,MultiFOLD,H1166TS462_4,0.896,0.687,0,0.441681330898522,0.556240273038385,0.580288492624605,0.818,0.748,0.524705220599015,0.796619801508816,0.601077848692256
H1166,MultiFOLD,H1166TS462_3,0.889,0.689,0,0.444698023264501,0.557707149911894,0.58228301545093,0.82,0.637,0.527964682176334,0.783603342064319,0.603304099941263
H1166,MultiFOLD,H1166TS462_2,0.891,0.708,0,0.430446723810651,0.544535172690003,0.572561967667102,0.821,0.739,0.518060482540434,0.796856320375711,0.594119448460002
H1166,MultiFOLD,H1166TS462_1,0.896,0.71,0,0.452603426956313,0.548327868798644,0.587387867169971,0.823,0.736,0.532214617970875,0.806628672901038,0.596030912532429
H1166,ColabFold,H1166TS446_5,0.876,0.649,0.565,0.439490500251131,0.542049761718965,0.578262031313398,0.822,0.666,0.521485666834088,0.787601360647892,0.589858507812643
H1166,ColabFold,H1166TS446_4,0.882,0.694,0.606,0.442446917017258,0.563540440014056,0.581559894687543,0.833,0.772,0.527360278011505,0.791651048531539,0.608089293342704
H1166,ColabFold,H1166TS446_3,0.883,0.689,0.608,0.424241557794396,0.54074509347779,0.568584244181457,0.825,0.633,0.514754038529597,0.793769219388894,0.592423062318527
H1166,ColabFold,H1166TS446_2,0.879,0.703,0.608,0.449486833187986,0.551238291484793,0.587329309781853,0.825,0.764,0.530016555458658,0.803667101082588,0.597850860989862
H1166,ColabFold,H1166TS446_1,0.894,0.716,0.632,0.434174431654,0.561202116955528,0.576025749073019,0.835,0.784,0.522908287769333,0.778209438658292,0.607593411303686
H1167,MultiFOLD,H1167TS462_5,0.91,0.647,0,0.476496119297094,0.570769825294677,0.60587194306118,0.842,0.668,0.552607746198062,0.812707732637593,0.615456883529785
H1167,MultiFOLD,H1167TS462_4,0.916,0.693,0,0.489141590661559,0.584812581005063,0.615526861111081,0.838,0.716,0.560666060441039,0.812255500123595,0.624446720670042
H1167,MultiFOLD,H1167TS462_3,0.909,0.703,0,0.524986444790841,0.611048900832519,0.640430430415574,0.839,0.705,0.584975963193894,0.814629539909585,0.642350933888346
H1167,MultiFOLD,H1167TS462_2,0.917,0.713,0,0.48026719478142,0.586946088792631,0.609797989049368,0.839,0.717,0.55490912985428,0.804801801941112,0.626028392528421
H1167,MultiFOLD,H1167TS462_1,0.92,0.718,0,0.477849482651357,0.582483526568191,0.607626286146365,0.843,0.701,0.552734655100905,0.810659991701198,0.622490684378794
H1167,ColabFold,H1167TS446_5,0.906,0.676,0.59,0.421383384602953,0.52394946269494,0.568439791531929,0.847,0.683,0.516372256401968,0.803728793844865,0.584749641796627
H1167,ColabFold,H1167TS446_4,0.904,0.673,0.6,0.637472899034266,0.696794509213001,0.721956538831511,0.832,0.704,0.661828266022844,0.815734403597882,0.701376006142001
H1167,ColabFold,H1167TS446_3,0.902,0.686,0.61,0.540506773102504,0.616180759238457,0.650853354893974,0.841,0.705,0.594925515401669,0.814143280053187,0.645374839492305
H1167,ColabFold,H1167TS446_2,0.906,0.7,0.625,0.633203790796008,0.69218440960266,0.719309543599112,0.836,0.705,0.658655527197339,0.820123987564009,0.697975939735107
H1167,ColabFold,H1167TS446_1,0.904,0.708,0.63,0.639562910370308,0.699352645244222,0.72401260374302,0.836,0.702,0.662594606913539,0.820834527717691,0.702454430162815
H1168,MultiFOLD,H1168TS462_5,0.392,0.815,0,0.705093887849219,0.766765725034816,0.771530395256023,0.888,0.897,0.711154258566146,0.832777995957123,0.752268816689877
H1168,MultiFOLD,H1168TS462_4,0.94,0.853,0,0.707152009519548,0.769282457081462,0.773446477734006,0.891,0.896,0.712234006346366,0.830950041093873,0.753654304720974
H1168,MultiFOLD,H1168TS462_3,0.943,0.857,0,0.718302365123698,0.785165532666616,0.783915645193543,0.902,0.9,0.719595576749132,0.831780488004248,0.764171021777744
H1168,MultiFOLD,H1168TS462_2,0.953,0.857,0,0.701187050345145,0.762781682376151,0.769014188480864,0.888,0.887,0.708416366896764,0.830164253176706,0.749479454917434
H1168,MultiFOLD,H1168TS462_1,0.954,0.863,0,0.719445946604874,0.78560110922304,0.784773237218609,0.902,0.901,0.720505964403249,0.833785662718128,0.764609406148693
H1168,ColabFold,H1168TS446_5,0.903,0.719,0.634,0.438819411519538,0.571525238534616,0.587294466702769,0.877,0.718,0.528086941013025,0.811657512444711,0.616557492356411
H1168,ColabFold,H1168TS446_4,0.936,0.824,0.796,0.711517016391372,0.777843168546272,0.778756823291763,0.903,0.88,0.714451677594248,0.835754658942548,0.758669112364181
H1168,ColabFold,H1168TS446_3,0.938,0.843,0.818,0.701121254894687,0.765251350986976,0.770642570587775,0.901,0.839,0.706535836596458,0.832602550768359,0.749289233991317
H1168,ColabFold,H1168TS446_2,0.942,0.847,0.817,0.716515509570781,0.78199735299694,0.782383208378481,0.904,0.899,0.71728400638052,0.834343491027172,0.760938568664627
H1168,ColabFold,H1168TS446_1,0.943,0.851,0.831,0.712712213392897,0.779626803903468,0.77965491153091,0.906,0.89,0.714583142261931,0.834728772449873,0.759192869268979
H1171,MultiFOLD,H1171TS462_5,0.856,0.689,0,0.089898035761575,0.259680744747973,0.191160223673032,0.78,0.52,0.279206357174383,0.42024363348894,0.392394829831982
H1171,MultiFOLD,H1171TS462_4,0.871,0.716,0,0.066922771781742,0.242503592268345,0.174056832700058,0.795,0.917,0.263241847854494,0.418022826036631,0.380295728178897
H1171,MultiFOLD,H1171TS462_3,0.88,0.747,0,0.094128276888983,0.263993272934508,0.194301269882327,0.789,0.904,0.283054184592655,0.419985683302319,0.396297515289672
H1171,MultiFOLD,H1171TS462_2,0.896,0.799,0,0.107523457997323,0.273797712039421,0.202751300024496,0.796,0.524,0.297252638664882,0.423570544957498,0.408102141359614
H1171,MultiFOLD,H1171TS462_1,0.889,0.808,0,0.127577562680926,0.284760420942062,0.219751012415326,0.81,0.932,0.310738375120618,0.431743159538422,0.415526947294708
H1171,ColabFold,H1171TS446_5,0.814,0.623,0.567,0.19045403338575,0.336781931982544,0.26170041024553,0.806,0.919,0.3515013555905,0.432078819137461,0.449053287988363
H1171,ColabFold,H1171TS446_4,0.792,0.629,0.574,0.102665464906843,0.266948781611348,0.197650544345461,0.784,0.916,0.292068643271229,0.422703695946027,0.401590854407566
H1171,ColabFold,H1171TS446_3,0.821,0.68,0.634,0.184303225329368,0.3314036815808,0.257645624606779,0.802,0.916,0.347228816886245,0.426293670465631,0.445295787720533
H1171,ColabFold,H1171TS446_2,0.824,0.687,0.639,0.191953937911891,0.339064319105718,0.263316204678406,0.811,0.915,0.355860958607928,0.432983324148557,0.453934546070479
H1171,ColabFold,H1171TS446_1,0.852,0.737,0.699,0.187674105696498,0.333595627850104,0.259043372364402,0.802,0.916,0.352028070464332,0.429430442059837,0.449309085233403
H1172,MultiFOLD,H1172TS462_5,0.833,0.68,0,0.082094905392691,0.245577562239488,0.180771628421453,0.756,0.732,0.270718603595127,0.425363691492992,0.379707041492992
H1172,MultiFOLD,H1172TS462_4,0.846,0.681,0,0.200179640513844,0.33549682955481,0.262555813379102,0.776,0.892,0.351062427009229,0.433554158299698,0.441273886369873
H1172,MultiFOLD,H1172TS462_3,0.858,0.725,0,0.085580738083276,0.248279628103788,0.182946890791376,0.771,0.881,0.273650825388851,0.423829671137292,0.382116752069192
H1172,MultiFOLD,H1172TS462_2,0.86,0.75,0,0.09238637319788,0.25683042853187,0.1897911944865,0.791,0.888,0.284743915465253,0.433795743757698,0.394373285687913
H1172,MultiFOLD,H1172TS462_1,0.874,0.766,0,0.103753270591419,0.258459774522685,0.199704736742736,0.796,0.909,0.294592180394279,0.440620829593239,0.39772984968179
H1172,ColabFold,H1172TS446_5,0.775,0.59,0.529,0.086134552321878,0.254557788012717,0.18751741688973,0.788,0.891,0.281274034881252,0.444049548675145,0.393556192008478
H1172,ColabFold,H1172TS446_4,0.798,0.606,0.55,0.229637752757094,0.358947259946586,0.281459395135787,0.772,0.893,0.378226501838063,0.440536740709168,0.464432839964391
H1172,ColabFold,H1172TS446_3,0.798,0.655,0.606,0.216261588191851,0.35076910388424,0.275114404717393,0.788,0.891,0.3661043921279,0.435194974537743,0.45577606925616
H1172,ColabFold,H1172TS446_2,0.802,0.659,0.607,0.225419671343919,0.358139808928337,0.281251436848171,0.785,0.89,0.375439447562613,0.440959871263229,0.463919539285558
H1172,ColabFold,H1172TS446_1,0.843,0.724,0.691,0.222680209369279,0.356595854731763,0.279902336067361,0.79,0.892,0.375668806246186,0.440561399813616,0.464945903154508
H1185,MultiFOLD,H1185TS462_5,0.908,0.913,0,0.766922261015054,0.793011309625651,0.80693871376047,0.795,0.966,0.737377507343369,0.817603547285804,0.754770206417101
H1185,MultiFOLD,H1185TS462_4,0.917,0.918,0,0.761026197075604,0.790707657674178,0.802508869833188,0.794,0.968,0.733729798050403,0.817391774033463,0.753517438449452
H1185,MultiFOLD,H1185TS462_3,0.913,0.921,0,0.767820404800417,0.794618303142871,0.807356405295525,0.797,0.968,0.738426936533611,0.818624750871109,0.756292202095247
H1185,MultiFOLD,H1185TS462_2,0.912,0.924,0,0.759816664446646,0.788438045303347,0.800682006499995,0.792,0.967,0.732481109631097,0.816029614900916,0.751562030202232
H1185,MultiFOLD,H1185TS462_1,0.922,0.932,0,0.767436907101913,0.79399847558592,0.807001021791889,0.797,0.967,0.737611604734609,0.819711221246346,0.75531931705728
H1185,ColabFold,H1185TS446_5,0.834,0.869,0.855,0.74131970545236,0.778568335881808,0.787715314222779,0.792,0.969,0.720474803634906,0.81585278575166,0.745307223921206
H1185,ColabFold,H1185TS446_4,0.842,0.871,0.859,0.773597459813677,0.801092796342789,0.811950970770978,0.798,0.97,0.742354306542451,0.818358858296111,0.760684530895193
H1185,ColabFold,H1185TS446_3,0.846,0.873,0.862,0.757819640004298,0.784384766878966,0.800981404588842,0.794,0.968,0.732292093336198,0.818770866273552,0.75000217791931
H1185,ColabFold,H1185TS446_2,0.85,0.878,0.869,0.773926345945186,0.800604957167895,0.812523135408721,0.796,0.967,0.742006563963457,0.817270096057375,0.759792304778597
H1185,ColabFold,H1185TS446_1,0.854,0.888,0.88,0.74012806864534,0.779957791706409,0.788338240234499,0.795,0.968,0.720656379096893,0.818552827823094,0.747209527804272
T1109,MultiFOLD,T1109TS462_5o,0.972,0.953,0,0.810968772139896,0.847849666519548,0.845651225772963,0.837,0.903,0.784765181426598,0.850372482849039,0.809352444346365
T1109,MultiFOLD,T1109TS462_4o,0.976,0.957,0,0.810624927279204,0.847849043308875,0.845403790392053,0.837,0.903,0.78309795151947,0.848916277375257,0.807914028872584
T1109,MultiFOLD,T1109TS462_3o,0.978,0.957,0,0.811245547586098,0.848494273283626,0.846061180579816,0.837,0.903,0.784493698390732,0.850141920691757,0.809326182189084
T1109,MultiFOLD,T1109TS462_2o,0.978,0.958,0,0.811387229015878,0.848743490835325,0.845746863234135,0.836,0.903,0.784278819343919,0.849423815726223,0.809182993890217
T1109,MultiFOLD,T1109TS462_1o,0.978,0.958,0,0.811354589085136,0.848360866355744,0.845893986960586,0.838,0.903,0.784963392723424,0.850299032739836,0.809634244237162
T1109,ColabFold,T1109TS446_5o,0.943,0.928,0,0.810967218413619,0.84678066244084,0.844801733902973,0.842,0.906,0.78399214560908,0.846918855511523,0.80786777496056
T1109,ColabFold,T1109TS446_4o,0.947,0.932,0,0.806792179955141,0.840710556809308,0.840160891176299,0.837,0.905,0.780690119970094,0.846375876375546,0.803302371206205
T1109,ColabFold,T1109TS446_3o,0.958,0.935,0,0.807891189014674,0.837428964079479,0.838205202062769,0.826,0.904,0.780989459343116,0.843254181222326,0.800681309386319
T1109,ColabFold,T1109TS446_2o,0.955,0.936,0,0.803016855837079,0.837745289383646,0.83559038014715,0.832,0.905,0.778389570558052,0.841881304119574,0.801541859589098
T1109,ColabFold,T1109TS446_1o,0.959,0.939,0,0.8092956217844,0.845772744927131,0.843861777807688,0.836,0.903,0.782236747856267,0.848285468454094,0.806554829951421
T1110,MultiFOLD,T1110TS462_5o,0.974,0.955,0,0.878531096105553,0.892935555511211,0.895572501077842,0.926,0.982,0.830355397403702,0.867502450079369,0.839958370340807
T1110,MultiFOLD,T1110TS462_4o,0.975,0.957,0,0.877735174336303,0.892131504123309,0.895103418973074,0.925,0.982,0.830240116224202,0.867979315820767,0.839837669415539
T1110,MultiFOLD,T1110TS462_3o,0.975,0.957,0,0.879056312621587,0.893310545368237,0.895830971993216,0.925,0.981,0.831552208414391,0.868257443317386,0.841055030245491
T1110,MultiFOLD,T1110TS462_2o,0.977,0.958,0,0.8772504142294,0.891419622752939,0.894872774654893,0.928,0.982,0.829542609486267,0.865346870670244,0.838988748501959
T1110,MultiFOLD,T1110TS462_1o,0.977,0.959,0,0.877308384552581,0.892155466884205,0.89496488429119,0.927,0.981,0.82912658970172,0.867296307661365,0.83902464458947
T1110,ColabFold,T1110TS446_5o,0.946,0.932,0,0.877176756754608,0.891061487520213,0.894093762849881,0.93,0.983,0.827476837836405,0.86495093808537,0.836733325013475
T1110,ColabFold,T1110TS446_4o,0.951,0.935,0,0.875504278122227,0.88934523598399,0.892203926070811,0.928,0.982,0.826625518748151,0.864439753727888,0.835852823989327
T1110,ColabFold,T1110TS446_3o,0.962,0.94,0,0.873555207584225,0.887212200050145,0.89106355508958,0.928,0.982,0.82531980505615,0.864592429771991,0.834424466700096
T1110,ColabFold,T1110TS446_2o,0.959,0.94,0,0.873610185518917,0.887588847350115,0.891171355246022,0.927,0.981,0.823875790345945,0.863182911305305,0.83319489823341
T1110,ColabFold,T1110TS446_1o,0.958,0.939,0,0.862795056284423,0.879293126217646,0.878851488334712,0.915,0.982,0.817884037522948,0.859291463883659,0.828882750811764
T1113,MultiFOLD,T1113TS462_5o,0.966,0.904,0,0.755121427288064,0.802930147278128,0.803400626377462,0.911,0.902,0.728673284858709,0.809256656173925,0.760545764852086
T1113,MultiFOLD,T1113TS462_4o,0.969,0.901,0,0.756403941290742,0.804294334960324,0.804371160834044,0.911,0.905,0.730871294193828,0.814618936882872,0.762798223306883
T1113,MultiFOLD,T1113TS462_3o,0.969,0.909,0,0.758055371454046,0.805379644974211,0.805185677618838,0.913,0.908,0.730988580969364,0.813348833558797,0.762538096649474
T1113,MultiFOLD,T1113TS462_2o,0.971,0.909,0,0.76084459144055,0.806955102333021,0.806587495849047,0.904,0.906,0.731022727627033,0.81106583846467,0.761763068222014
T1113,MultiFOLD,T1113TS462_1o,0.971,0.91,0,0.753947922935497,0.801706509250787,0.802245988124189,0.91,0.898,0.728806615290331,0.813703776409847,0.760645672833858
T1113,ColabFold,T1113TS446_5o,0.883,0.838,0,0.78151645052604,0.813061409809925,0.821329560223976,0.865,0.885,0.742388300350693,0.81851600823464,0.763418273206616
T1113,ColabFold,T1113TS446_4o,0.93,0.853,0,0.759882011425401,0.805624994257187,0.805495350455059,0.92,0.93,0.734626674283601,0.818612676171457,0.765121996171458
T1113,ColabFold,T1113TS446_3o,0.933,0.86,0,0.755331840497043,0.80404950120937,0.801405951137608,0.914,0.941,0.729882560331362,0.815846057472913,0.762361000806246
T1113,ColabFold,T1113TS446_2o,0.93,0.867,0,0.763478318078305,0.810142675903599,0.808568509321269,0.918,0.933,0.73648387871887,0.818747963935732,0.767593450602399
T1113,ColabFold,T1113TS446_1o,0.936,0.864,0,0.759071936505834,0.805481433296638,0.805144346534981,0.917,0.929,0.732790624337223,0.816205776932296,0.763730288864425
T1115,MultiFOLD,T1115TS462_5o,0.73,0.431,0,0.064127184703469,0.109594421509046,0.10884004547501,0.063,0.058,0.236248456468979,0.501038580459022,0.266559947672697
T1115,MultiFOLD,T1115TS462_4o,0.768,0.49,0,0.114786345853741,0.140581681673642,0.147365008351589,0.068,0.058,0.269528897235828,0.493289557614138,0.286725787782428
T1115,MultiFOLD,T1115TS462_3o,0.775,0.503,0,0.14556002543705,0.172432080345981,0.17331974052202,0.067,0.06,0.289355016958033,0.497249694324221,0.307269720230654
T1115,MultiFOLD,T1115TS462_2o,0.785,0.549,0,0.155813434520196,0.180131744002774,0.181655112348647,0.069,0.058,0.296827956346798,0.497772638995047,0.313040162668516
T1115,MultiFOLD,T1115TS462_1o,0.816,0.584,0,0.141540362941577,0.165795390506566,0.166574258965429,0.07,0.058,0.290726241961051,0.488210565667184,0.306896260337711
T1121,MultiFOLD,T1121TS462_5o,0.926,0.625,0,0.673431668149034,0.743626572866443,0.758783447343651,0.772,0.551,0.676048445432689,0.806238344239798,0.722845048577628
T1121,MultiFOLD,T1121TS462_4o,0.93,0.62,0,0.64430156935418,0.720317874847187,0.739373962800911,0.775,0.538,0.65607404623612,0.818337250489665,0.706751583231458
T1121,MultiFOLD,T1121TS462_3o,0.945,0.706,0,0.668294299979526,0.7411668834717,0.756923622300818,0.771,0.539,0.671752533319684,0.809521487658988,0.7203342556478
T1121,MultiFOLD,T1121TS462_2o,0.95,0.703,0,0.677634070261669,0.750403534619884,0.762899503254369,0.771,0.544,0.677030380174446,0.802421228705077,0.725543356413256
T1121,MultiFOLD,T1121TS462_1o,0.951,0.733,0,0.681589351979651,0.755696190879516,0.766223595239445,0.771,0.544,0.681197234653101,0.810844536533458,0.730601793919677
T1121,ColabFold,T1121TS446_5o,0.897,0.576,0,0.282318543332744,0.486287166736533,0.492787648712852,0.779,0.621,0.412382028888496,0.831539984213589,0.548361111157689
T1121,ColabFold,T1121TS446_4o,0.899,0.576,0,0.679367787436159,0.749934888360444,0.763973783864402,0.773,0.545,0.67768152495744,0.802264504816266,0.724726258906963
T1121,ColabFold,T1121TS446_3o,0.904,0.638,0,0.267712391571098,0.490312939695597,0.48295627751113,0.778,0.682,0.403702261047399,0.763690376494242,0.552102626463731
T1121,ColabFold,T1121TS446_2o,0.894,0.628,0,0.224361140585276,0.493867804088647,0.454859696449282,0.788,0.74,0.373429093723517,0.678141102475889,0.553100202725764
T1121,ColabFold,T1121TS446_1o,0.915,0.634,0,0.677399385611465,0.751622094626806,0.763044596825514,0.771,0.55,0.677744923740977,0.801154651345407,0.727226729751204
T1123,MultiFOLD,T1123TS462_5o,0.528,0.327,0,0.004232818804171,0.124583218846752,0.085557799200616,0.208,0.198,0.179447879202781,0.305249154559709,0.259681479231168
T1123,MultiFOLD,T1123TS462_4o,0.547,0.332,0,0.003274991900602,0.123919559373675,0.084796367516185,0.208,0.199,0.177282327933735,0.316494888821731,0.25771203958245
T1123,MultiFOLD,T1123TS462_3o,0.591,0.375,0,0.001722743718379,0.122892950697998,0.083077129610918,0.205,0.193,0.177935829145586,0.312081573402169,0.258715967131998
T1123,MultiFOLD,T1123TS462_2o,0.654,0.401,0,0.002596397730896,0.123203937227417,0.083866889972209,0.205,0.19,0.176645598487264,0.304496781704269,0.257050624818278
T1123,MultiFOLD,T1123TS462_1o,0.692,0.443,0,0.003628548288738,0.123185516954753,0.084219018695661,0.205,0.197,0.179130032192492,0.302148607526682,0.258834677969835
T1123,ColabFold,T1123TS446_5o,0.299,0.232,0,0.00545203843603,0.1129886934407,0.077583077584486,0.193,0.195,0.16564002562402,0.29032487329876,0.237331128960466
T1123,ColabFold,T1123TS446_4o,0.296,0.24,0,0.010116747352689,0.121907215590224,0.086638564961942,0.209,0.222,0.149345831568459,0.287588761056,0.223872810393483
T1123,ColabFold,T1123TS446_3o,0.338,0.278,0,0.017176604317749,0.174422549847757,0.126355359110338,0.32,0.32,0.1814644028785,0.391435822383772,0.286295033231838
T1123,ColabFold,T1123TS446_2o,0.457,0.36,0,0.013835671155201,0.199842454758033,0.141074673608823,0.378,0.356,0.191205447436801,0.421309575207902,0.315209969838689
T1123,ColabFold,T1123TS446_1o,0.45,0.364,0,0.028917781161591,0.205061105452167,0.154608514075839,0.394,0.387,0.218971187441061,0.452934139912787,0.336400070301445
T1124,MultiFOLD,T1124TS462_5o,0.954,0.929,0,0.737694840080621,0.751465536459856,0.786686017693651,0.874,0.956,0.725679226720414,0.834133469417584,0.734859690973238
T1124,MultiFOLD,T1124TS462_4o,0.963,0.949,0,0.737756139527901,0.751507618854812,0.786553652255142,0.874,0.958,0.725408759685267,0.832444368969559,0.734576412569874
T1124,MultiFOLD,T1124TS462_3o,0.964,0.952,0,0.737318668344165,0.750411505672302,0.785995482677645,0.874,0.956,0.724358112229443,0.835742737528307,0.733086670448201
T1124,MultiFOLD,T1124TS462_2o,0.965,0.953,0,0.738179606869046,0.751554265564494,0.78692008162236,0.872,0.956,0.725669071246031,0.835909695109215,0.734585510376329
T1124,MultiFOLD,T1124TS462_1o,0.972,0.954,0,0.738635006809393,0.752162227576354,0.787163602923831,0.874,0.957,0.725211004539595,0.834523434035253,0.73422915171757
T1124,ColabFold,T1124TS446_5o,0.882,0.895,0,0.734108454236674,0.746610344611944,0.787598999232412,0.851,0.929,0.720795636157783,0.83611852276964,0.729130229741296
T1124,ColabFold,T1124TS446_4o,0.894,0.9,0,0.726747991083887,0.735663781385264,0.781163481646101,0.842,0.916,0.716346660722591,0.835564752882505,0.72229052092351
T1124,ColabFold,T1124TS446_3o,0.892,0.9,0,0.754244055439803,0.764728228956322,0.79998892293075,0.844,0.93,0.733178370293202,0.831366838094347,0.740167819304215
T1124,ColabFold,T1124TS446_2o,0.886,0.9,0,0.757185861470107,0.770246331848466,0.803788128879048,0.856,0.944,0.737780907646738,0.830533224895907,0.746487887898977
T1124,ColabFold,T1124TS446_1o,0.887,0.903,0,0.748604634261976,0.761500674387693,0.797544219099779,0.848,0.937,0.732499422841318,0.835694824646431,0.741096782925129
T1127,MultiFOLD,T1127TS462_5o,0.973,0.951,0,0.904781566903213,0.90326848595825,0.911794401907643,0.887,0.978,0.833137044602143,0.846931545776945,0.832128323972167
T1127,MultiFOLD,T1127TS462_4o,0.975,0.953,0,0.904152320980874,0.902889803643219,0.911244393082728,0.887,0.978,0.832609547320583,0.844482336666983,0.831767869095479
T1127,MultiFOLD,T1127TS462_3o,0.976,0.954,0,0.905168639966028,0.903019743422306,0.912048022258889,0.886,0.978,0.833516426644019,0.850658783302695,0.832083828948204
T1127,MultiFOLD,T1127TS462_2o,0.976,0.955,0,0.906140546724508,0.904027442996688,0.912563536480797,0.886,0.978,0.832768697816339,0.847628527185339,0.831359961997792
T1127,MultiFOLD,T1127TS462_1o,0.976,0.956,0,0.90263003230804,0.900537628955759,0.9102025575092,0.887,0.978,0.832189354872027,0.850857281025418,0.83079441930384
T1127,ColabFold,T1127TS446_5o,0.917,0.914,0,0.903626235866892,0.899551637572032,0.90979111562595,0.888,0.977,0.831021823911261,0.851526809622942,0.828305425048021
T1127,ColabFold,T1127TS446_4o,0.927,0.921,0,0.902413159799956,0.893889072055584,0.905584971237026,0.892,0.979,0.830868106533304,0.847753148046279,0.825185381370389
T1127,ColabFold,T1127TS446_3o,0.924,0.924,0,0.909216203230753,0.905476188855889,0.914223761391095,0.895,0.979,0.835728802153836,0.851499848329807,0.833235459237259
T1127,ColabFold,T1127TS446_2o,0.933,0.926,0,0.904269829750125,0.901995585407807,0.911409876771954,0.893,0.978,0.832420886500083,0.85450649735008,0.830904723605205
T1127,ColabFold,T1127TS446_1o,0.935,0.928,0,0.906122244484257,0.900113369332516,0.910257475877849,0.9,0.98,0.836295496322838,0.851574874676888,0.832289579555011
T1132,MultiFOLD,T1132TS462_5o,0.962,0.93,0,0.699996853481151,0.777470914033625,0.749879058343184,0.918,0.995,0.684863902320767,0.797004256171893,0.736513276022417
T1132,MultiFOLD,T1132TS462_4o,0.973,0.959,0,0.69945246795048,0.778694705940965,0.749742649260964,0.925,0.995,0.685556978633654,0.798286770776787,0.738385137293977
T1132,MultiFOLD,T1132TS462_3o,0.975,0.959,0,0.358416283720682,0.530021446690613,0.504932830274197,0.929,0.997,0.458227189147122,0.775314630200203,0.572630631127075
T1132,MultiFOLD,T1132TS462_2o,0.976,0.958,0,0.54258275445586,0.685309708714245,0.633381975446737,0.928,0.996,0.579189502970573,0.784718239292307,0.674340805809497
T1132,MultiFOLD,T1132TS462_1o,0.979,0.963,0,0.386843199056334,0.558089244372491,0.523941462285884,0.932,0.997,0.47468579937089,0.777134349752171,0.588849829581661
T1132,ColabFold,T1132TS446_5o,0.95,0.932,0,0.7104742617644,0.791700184112951,0.760426063918234,0.909,0.987,0.693208507842933,0.813736249393368,0.747359122741967
T1132,ColabFold,T1132TS446_4o,0.956,0.936,0,0.706946890540323,0.790067802197241,0.759433561825043,0.914,0.987,0.689556260360216,0.814277415028394,0.744970201464828
T1132,ColabFold,T1132TS446_3o,0.95,0.936,0,0.713621589840401,0.795893657296684,0.762587098091391,0.916,0.991,0.697622393226934,0.812743684435956,0.752470438197789
T1132,ColabFold,T1132TS446_2o,0.96,0.942,0,0.712055873523375,0.79431783442993,0.76188087196887,0.919,0.991,0.69411291568225,0.806013569396831,0.748954222953286
T1132,ColabFold,T1132TS446_1o,0.959,0.944,0,0.711543712986155,0.793506782080853,0.760141680044672,0.922,0.994,0.694050808657437,0.801057971536712,0.748692854720569
T1153,MultiFOLD,T1153TS462_5o,0.93,0.894,0,0.623134996090951,0.738792175665739,0.716350581171127,0.871,0.913,0.636704330727301,0.767822285531545,0.713809117110493
T1153,MultiFOLD,T1153TS462_4o,0.933,0.908,0,0.625487454222945,0.740479409927918,0.717477922767242,0.869,0.919,0.639729969481963,0.763817043038648,0.716391273285278
T1153,MultiFOLD,T1153TS462_3o,0.943,0.914,0,0.611658525404527,0.729737180329225,0.708414437155834,0.87,0.913,0.629154350269685,0.758683443611296,0.707873453552816
T1153,MultiFOLD,T1153TS462_2o,0.942,0.918,0,0.625063610651724,0.739630335670306,0.717461164214686,0.87,0.919,0.639470740434482,0.783309078750964,0.715848557113537
T1153,MultiFOLD,T1153TS462_1o,0.941,0.922,0,0.608843796399323,0.726652153640969,0.706573290026862,0.87,0.909,0.627131197599549,0.758572115819126,0.705670102427313
T1153,ColabFold,T1153TS446_5o,0.87,0.832,0,0.627340206208381,0.748123057462087,0.722909675780312,0.875,0.933,0.639614804138921,0.767362506525703,0.720136704974724
T1153,ColabFold,T1153TS446_4o,0.871,0.835,0,0.612654154199956,0.734618770599472,0.713085449866286,0.874,0.92,0.631145436133304,0.761337725233956,0.712455180399648
T1153,ColabFold,T1153TS446_3o,0.865,0.834,0,0.585383421248695,0.708958236016361,0.695110771510037,0.878,0.932,0.612754614165797,0.780974318859139,0.695137824010907
T1153,ColabFold,T1153TS446_2o,0.872,0.841,0,0.616088220517801,0.737953336154835,0.715257194448424,0.875,0.922,0.633353147011867,0.750674900338042,0.714596557436557
T1153,ColabFold,T1153TS446_1o,0.874,0.844,0,0.625628139435794,0.746342550698363,0.721351826756104,0.882,0.933,0.640892092957196,0.76205211196655,0.721368367132242
T1160,MultiFOLD,T1160TS462_5o,0.929,0.822,0,0.830370374188506,0.804211563913902,0.837942312068272,0.448,0.343,0.786821249459004,0.83933539531721,0.769382042609268
T1160,MultiFOLD,T1160TS462_4o,0.932,0.829,0,0.823111324031342,0.794912717204565,0.831368577490605,0.452,0.343,0.778342216020895,0.833961360844319,0.759543144803043
T1160,MultiFOLD,T1160TS462_3o,0.942,0.831,0,0.826810068542763,0.797680754235428,0.83283811518546,0.448,0.341,0.779910045695175,0.832067068864894,0.760490502823618
T1160,MultiFOLD,T1160TS462_2o,0.94,0.834,0,0.824369118100064,0.796455409038901,0.832548228092644,0.447,0.342,0.776825745400043,0.831947482067209,0.758216606025934
T1160,MultiFOLD,T1160TS462_1o,0.945,0.841,0,0.825560459574096,0.798187637915992,0.833719664993392,0.446,0.343,0.779434306382731,0.834139024651937,0.761185758610661
T1160,ColabFold,T1160TS446_5o,0.908,0.811,0.819,0.795297972299472,0.764856734955243,0.810866754836477,0.446,0.334,0.760128314866315,0.834908670739392,0.739834156636828
T1160,ColabFold,T1160TS446_4o,0.913,0.823,0.827,0.817793703104814,0.789648591296084,0.828062329600599,0.447,0.34,0.771941802069876,0.831344860238665,0.75317839419739
T1160,ColabFold,T1160TS446_3o,0.922,0.827,0.834,0.838353177623215,0.817420813367846,0.847151993994041,0.445,0.344,0.784453785082143,0.826294088458708,0.770498875578564
T1160,ColabFold,T1160TS446_2o,0.92,0.828,0.835,0.829957290272437,0.810620722140446,0.841100474941922,0.45,0.339,0.779221193514958,0.826204494307108,0.766330148093631
T1160,ColabFold,T1160TS446_1o,0.933,0.834,0.839,0.756841789874855,0.725662263668954,0.783965655695872,0.448,0.337,0.73032385991657,0.829478026548533,0.709537509112636
T1161,MultiFOLD,T1161TS462_5o,0.91,0.822,0,0.57756423315071,0.540502877852942,0.593851740669101,0.515,0.563,0.590744155433806,0.733413117031242,0.566036585235295
T1161,MultiFOLD,T1161TS462_4o,0.921,0.83,0,0.61790789642275,0.585529445023069,0.633578494297213,0.534,0.582,0.6323509309485,0.756186622600617,0.610765296682046
T1161,MultiFOLD,T1161TS462_3o,0.926,0.84,0,0.59623041671487,0.566975990948027,0.614521021775265,0.54,0.596,0.624042277809913,0.750885008116294,0.604539327298685
T1161,MultiFOLD,T1161TS462_2o,0.94,0.848,0,0.602062732622878,0.566699784449738,0.616799124715077,0.538,0.585,0.636320821748585,0.757257195741457,0.612745522966492
T1161,MultiFOLD,T1161TS462_1o,0.938,0.853,0,0.594674961815298,0.560080613546655,0.609487373574635,0.533,0.586,0.627283641210199,0.751166663182046,0.604220742364437
T1161,ColabFold,T1161TS446_5o,0.767,0.676,0.682,0.576623716658266,0.540304260567577,0.593178794817228,0.516,0.563,0.589423477772177,0.732673515507665,0.565210507045051
T1161,ColabFold,T1161TS446_4o,0.779,0.692,0.698,0.619233991403199,0.586076188597822,0.634670406667347,0.534,0.583,0.632988660935466,0.756148138317118,0.610883459065215
T1161,ColabFold,T1161TS446_3o,0.856,0.766,0.771,0.602468413828112,0.566735290645475,0.617132102982391,0.538,0.585,0.636035942552075,0.756764386538615,0.612213860430317
T1161,ColabFold,T1161TS446_2o,0.858,0.772,0.777,0.59571091624777,0.566792688388409,0.613739226424119,0.54,0.597,0.625752277498513,0.752505879743216,0.606473458925606
T1161,ColabFold,T1161TS446_1o,0.86,0.779,0.785,0.594549274561308,0.560200282342055,0.609518417935575,0.533,0.585,0.626822516374205,0.750904165712313,0.603923188228037
T1170,MultiFOLD,T1170TS462_5o,0.891,0.751,0,0.090259350934683,0.384819434893159,0.289860330551895,0.799,0.934,0.287810233956455,0.678826169731867,0.484183623262106
T1170,MultiFOLD,T1170TS462_4o,0.898,0.79,0,0.090867540436219,0.387384790648363,0.291411130723055,0.794,0.931,0.287400693624146,0.678367413585769,0.485078860432242
T1170,MultiFOLD,T1170TS462_3o,0.909,0.816,0,0.089508557004186,0.385628665913244,0.290143251944953,0.807,0.931,0.285822038002791,0.679467185930958,0.483235443942163
T1170,MultiFOLD,T1170TS462_2o,0.917,0.839,0,0.126864345439546,0.43201474802004,0.316109568973058,0.808,0.93,0.311744896959697,0.674161887929864,0.515178498680027
T1170,MultiFOLD,T1170TS462_1o,0.933,0.849,0,0.090769743068853,0.387215981678113,0.29125789983131,0.8,0.926,0.288492162045902,0.66905457423984,0.486122987785408
T1170,ColabFold,T1170TS446_5o,0.797,0.597,0.535,0.45715522484397,0.58890768277312,0.552763638411393,0.795,0.926,0.528692483229314,0.715294048560306,0.61652745518208
T1170,ColabFold,T1170TS446_4o,0.827,0.65,0.6,0.516097745007028,0.640049353064449,0.598440865380985,0.812,0.933,0.571868830004686,0.708227814118165,0.6545032353763
T1170,ColabFold,T1170TS446_3o,0.846,0.711,0.67,0.515591221461952,0.639290759485847,0.597706587298533,0.815,0.932,0.570145814307968,0.701472708474435,0.652612172990564
T1170,ColabFold,T1170TS446_2o,0.858,0.74,0.699,0.498606873597441,0.62552607003947,0.585418242424608,0.812,0.928,0.561576249064961,0.70453226546849,0.64618904669298
T1170,ColabFold,T1170TS446_1o,0.875,0.782,0.751,0.500978077925648,0.627389712036164,0.587453003307875,0.809,0.93,0.560841718617099,0.701997476734672,0.645116141357443
T1173,MultiFOLD,T1173TS462_5o,0.701,0.576,0,0.249540815463905,0.331002369197454,0.340227139774239,0.507,0.623,0.36708221030927,0.64845522186263,0.421389912798303
T1173,MultiFOLD,T1173TS462_4o,0.708,0.654,0,0.144033605402607,0.280471607745928,0.259394403432357,0.499,0.305,0.296251070268405,0.631507011636038,0.387209738497285
T1173,MultiFOLD,T1173TS462_3o,0.794,0.783,0,0.241239092740485,0.32103460549814,0.328648902159083,0.498,0.315,0.366648728493656,0.63934693529068,0.41984573699876
T1173,MultiFOLD,T1173TS462_2o,0.82,0.83,0,0.227488384552974,0.307084768357254,0.316565923606819,0.474,0.613,0.350466589701983,0.630794130602462,0.403530845571503
T1173,MultiFOLD,T1173TS462_1o,0.847,0.868,0,0.227773952000672,0.312974397646502,0.317678719764783,0.482,0.308,0.352896968000448,0.629067487574448,0.409697265097668
T1173,ColabFold,T1173TS446_5o,0.532,0.486,0.476,0.198548654060787,0.303936964048236,0.303373028739349,0.465,0.441,0.337527436040525,0.622509804516486,0.407786309365491
T1173,ColabFold,T1173TS446_4o,0.526,0.531,0.52,0.182239805378319,0.243380955440495,0.255141510545876,0.382,0.525,0.318496870252213,0.58708029189742,0.35925763696033
T1173,ColabFold,T1173TS446_3o,0.661,0.587,0.571,0.199393323080964,0.300573705338351,0.30744964894621,0.486,0.454,0.352927548720642,0.653575804645347,0.420381136892234
T1173,ColabFold,T1173TS446_2o,0.652,0.598,0.578,0.230145796902419,0.322354682833687,0.325096053157404,0.52,0.571,0.363670531268279,0.633143970684607,0.425143121889125
T1173,ColabFold,T1173TS446_1o,0.692,0.714,0.711,0.252250824202805,0.347686262600188,0.350341164535329,0.597,0.35,0.389285216135203,0.665888755733775,0.452908841733459
T1174,MultiFOLD,T1174TS462_5o,0.89,0.744,0,0.306719916768231,0.410610420486961,0.420134041503461,0.673,0.59,0.431328611178821,0.734637339227332,0.500588946991307
T1174,MultiFOLD,T1174TS462_4o,0.923,0.75,0,0.309775471405192,0.411738190357992,0.424002987842122,0.676,0.588,0.433571647603461,0.736110704002129,0.501546793571995
T1174,MultiFOLD,T1174TS462_3o,0.929,0.776,0,0.312451702530309,0.414005757862304,0.425454640261742,0.676,0.573,0.434000801686873,0.734526006845286,0.501703505241536
T1174,MultiFOLD,T1174TS462_2o,0.954,0.911,0,0.339398651329089,0.42887788334919,0.445147979785519,0.721,0.627,0.452912100886059,0.737894878064038,0.512564922232793
T1174,MultiFOLD,T1174TS462_1o,0.956,0.919,0,0.340166686011391,0.432139620690277,0.446421314467779,0.728,0.617,0.452116790674261,0.735556897873047,0.513432080460185
T1174,ColabFold,T1174TS446_5o,0.669,0.584,0.576,0.236786422660399,0.338214311797746,0.35234557430543,0.621,0.603,0.371901615106933,0.69427166433322,0.439520207865164
T1174,ColabFold,T1174TS446_4o,0.763,0.771,0.768,0.180793855371896,0.337545544555798,0.314435353285129,0.723,0.607,0.348866570247931,0.712601407955659,0.453367696370532
T1174,ColabFold,T1174TS446_3o,0.839,0.809,0.809,0.180983975052477,0.335729407545925,0.313681978398934,0.735,0.6,0.346255650034984,0.707386999565764,0.449419271697283
T1174,ColabFold,T1174TS446_2o,0.876,0.833,0.832,0.192399140404188,0.351069959536035,0.321867823293482,0.845,0.446,0.359583093602792,0.71012650845437,0.46536363969069
T1174,ColabFold,T1174TS446_1o,0.91,0.842,0.841,0.454231742301397,0.531816708069305,0.540131433580468,0.83,0.444,0.530810494867598,0.753102347759744,0.582533805379537
T1176,MultiFOLD,T1176TS462_5o,0.792,0.238,0,4.3968917597648E-05,0.395474869397416,0.263679225543342,0.452,0.144,0.221060312611732,0.524590882189406,0.484680912931611
T1176,MultiFOLD,T1176TS462_4o,0.845,0.257,0,0.000973035394187,0.396552134782033,0.26501678011748,0.455,0.164,0.224032023596125,0.5442166970446,0.487751423188022
T1176,MultiFOLD,T1176TS462_3o,0.86,0.259,0,0.004644578102163,0.400847890476598,0.270328312385841,0.458,0.179,0.225429718734775,0.639433508012067,0.489565260317732
T1176,MultiFOLD,T1176TS462_2o,0.846,0.273,0,0.005476915558039,0.403000093667555,0.270359992650396,0.456,0.182,0.224386610372026,0.59421047092885,0.489402062445037
T1176,MultiFOLD,T1176TS462_1o,0.862,0.283,0,0.0017990291986,0.400212993615612,0.268008015209475,0.457,0.178,0.223266352799067,0.488875662410408,0.488875662410408
T1176,ColabFold,T1176TS446_5o,0.696,0.239,0.14,0,0.400765215758994,0.267176810505996,0.456,0.163,0,0.267176810505996,0.267176810505996
T1176,ColabFold,T1176TS446_4o,0.611,0.239,0.142,0.003299333442436,0.40166600358097,0.269976891348938,0.457,0.166,0.222149222294957,0.487727002387314,0.487727002387314
T1176,ColabFold,T1176TS446_3o,0.752,0.241,0.143,0.006768284431862,0.402835219144842,0.27183688048447,0.461,0.162,0.225891856287908,0.59498455076661,0.489936479429895
T1176,ColabFold,T1176TS446_2o,0.678,0.266,0.17,0.007408077456365,0.378422712124219,0.254343446053723,0.441,0.191,0.223161718304244,0.50931921077509,0.470504808082813
T1176,ColabFold,T1176TS446_1o,0.686,0.273,0.179,0.015953436737306,0.409310927262497,0.278762702666536,0.462,0.175,0.231825624491538,0.603941584103852,0.494063951508332
T1178,MultiFOLD,T1178TS462_5o,0.752,0.482,0,0,0.26240092091763,0.17493394727842,0.486,0.379,0,0.17493394727842,0.17493394727842
T1178,MultiFOLD,T1178TS462_4o,0.758,0.487,0,0,0.26313583546758,0.17542389031172,0.488,0.381,0.20839,0.408876546953324,0.38381389031172
T1178,MultiFOLD,T1178TS462_3o,0.777,0.496,0,0.004575650035634,0.262039832976465,0.177743655341399,0.487,0.378,0.211974100023756,0.649281049051979,0.383616888650977
T1178,MultiFOLD,T1178TS462_2o,0.803,0.5,0,0,0.260869489917096,0.173912993278064,0.484,0.386,0,0.173912993278064,0.173912993278064
T1178,MultiFOLD,T1178TS462_1o,0.832,0.501,0,0.000873765117031,0.26113787426712,0.174674426256101,0.484,0.386,0.207118510078021,0.498422402393619,0.38062791617808
T1178,ColabFold,T1178TS446_5o,0.588,0.431,0.123,0.015059288642704,0.275770944027488,0.191632733680128,0.513,0.456,0.208037859095136,0.650738157793012,0.381845629351659
T1178,ColabFold,T1178TS446_4o,0.641,0.47,0.153,0.038645338784765,0.302604012588027,0.224370007915194,0.571,0.575,0.24035222585651,0.620240506647936,0.416324675058684
T1178,ColabFold,T1178TS446_3o,0.606,0.461,0.161,0.025334764499114,0.289423057612757,0.206344208741247,0.541,0.479,0.223067842999409,0.575484169163435,0.399126705075171
T1178,ColabFold,T1178TS446_2o,0.617,0.484,0.2,0.040427676837677,0.288441552785718,0.217988291415597,0.548,0.563,0.232221451225118,0.59830627180874,0.397564035190479
T1178,ColabFold,T1178TS446_1o,0.609,0.492,0.212,0.012942902151349,0.301864150239259,0.208613506593739,0.57,0.484,0.220297268100899,0.641303784313914,0.412911433492839
T1179,MultiFOLD,T1179TS462_5o,0.599,0.408,0,0.016954889095093,0.09332290342783,0.073518528348615,0.163,0.213,0.182032592730062,0.373295479478202,0.23294460228522
T1179,MultiFOLD,T1179TS462_4o,0.701,0.418,0,0.00310526480302,0.091725942725734,0.063220805019169,0.158,0.177,0.171436843202013,0.40177878220145,0.23051729515049
T1179,MultiFOLD,T1179TS462_3o,0.707,0.44,0,0.003699689833692,0.092922380711187,0.063721531863252,0.159,0.185,0.172859126555795,0.376897225995542,0.232340920474124
T1179,MultiFOLD,T1179TS462_2o,0.769,0.479,0,0.000151440250889,0.091409290734425,0.061040487323543,0.158,0.169,0.167350293500593,0.228188860489617,0.228188860489617
T1179,MultiFOLD,T1179TS462_1o,0.726,0.482,0,0.003808486042264,0.093208034997045,0.063824145359539,0.159,0.186,0.171925324028176,0.347904225012981,0.231525023331363
T1179,ColabFold,T1179TS446_5o,0.224,0.143,0.0795,0,0.068113605719153,0.045409070479435,0.119,0.129,0,0.045409070479435,0.045409070479435
T1179,ColabFold,T1179TS446_4o,0.264,0.165,0.0817,0.007781298123401,0.075015446882193,0.053935203670396,0.128,0.127,0.128429532082267,0.296586878892103,0.173252297921462
T1179,ColabFold,T1179TS446_3o,0.279,0.178,0.0854,0.004950265876043,0.080788515892389,0.055896561512288,0.137,0.164,0.138169510584028,0.207202559700189,0.188728343928259
T1179,ColabFold,T1179TS446_2o,0.319,0.234,0.0867,0.008327537855913,0.087117817002512,0.06236761023895,0.148,0.155,0.180174691903942,0.316025384500421,0.232701544668341
T1179,ColabFold,T1179TS446_1o,0.301,0.241,0.091,0.004430119871507,0.091268854846243,0.062536690145167,0.157,0.164,0.172368746581005,0.267720414742107,0.230261236564162
T1181,MultiFOLD,T1181TS462_5o,0.794,0.729,0.691,0.395666440730592,0.557152869267254,0.550815646665231,0.78,0.421,0.498535960487061,0.830542401316912,0.606193579511503
T1181,MultiFOLD,T1181TS462_4o,0.794,0.745,0.697,0.507372868801351,0.616709365729061,0.628328529686942,0.758,0.44,0.568621912534234,0.826741360407712,0.641512910486041
T1181,MultiFOLD,T1181TS462_3o,0.817,0.781,0.764,0.500652427754099,0.612048372620659,0.623661633583172,0.776,0.834,0.566086951836066,0.826996577596961,0.640350915080439
T1181,MultiFOLD,T1181TS462_2o,0.793,0.788,0.765,0.540672040868128,0.651486556114879,0.654878097988671,0.759,0.466,0.591071693912085,0.821537253893436,0.664948037409919
T1181,MultiFOLD,T1181TS462_1o,0.823,0.814,0.797,0.540559435077699,0.651144295785199,0.655027473908599,0.78,0.466,0.592549956718466,0.826488499773945,0.666273197190133
T1181,ColabFold,T1181TS446_5o,0.794,0.729,0.691,0.112607764407943,0.400332993479557,0.339990315491666,0.769,0.82,0.304379509605295,0.798832103010972,0.496196328986371
T1181,ColabFold,T1181TS446_4o,0.794,0.745,0.697,0.570940797389177,0.667341549551366,0.677404897960362,0.801,0.85,0.614927198259451,0.832585430422125,0.679194366367577
T1181,ColabFold,T1181TS446_3o,0.817,0.781,0.764,0.395666440730592,0.557152869267254,0.550815646665231,0.78,0.421,0.498535960487061,0.830542401316912,0.606193579511503
T1181,ColabFold,T1181TS446_2o,0.793,0.788,0.765,0.500652427754099,0.612048372620659,0.623661633583172,0.776,0.834,0.566086951836066,0.826996577596961,0.640350915080439
T1181,ColabFold,T1181TS446_1o,0.823,0.814,0.797,0.540559435077699,0.651144295785199,0.655027473908599,0.78,0.466,0.592549956718466,0.826488499773945,0.666273197190133
T1187,MultiFOLD,T1187TS462_5o,0.87,0.519,0,0.02823649571369,0.413981220670637,0.291149663922885,0.787,0.58,0.249150330475793,0.564442716667046,0.506313480447091
T1187,MultiFOLD,T1187TS462_4o,0.877,0.52,0,0.074654408221233,0.416669108952032,0.322843926782177,0.777,0.515,0.282100272147488,0.687256299921374,0.510110072634688
T1187,MultiFOLD,T1187TS462_3o,0.869,0.531,0,0.045612595410802,0.416300711264471,0.303771583450182,0.796,0.627,0.259675396940535,0.602345778961317,0.506800807509647
T1187,MultiFOLD,T1187TS462_2o,0.892,0.55,0,0.126938220276123,0.447948763724324,0.358926909333631,0.774,0.495,0.313117480184082,0.663183775764386,0.527124509149549
T1187,MultiFOLD,T1187TS462_1o,0.917,0.742,0,0.073193222393293,0.431598993554176,0.322695377298312,0.85,0.947,0.276790481595528,0.603578779132699,0.51572766236945
T1187,ColabFold,T1187TS446_5o,0.809,0.513,0.127,0.072484887819408,0.416084829704359,0.317332355015845,0.784,0.543,0.280239925212939,0.665135891632082,0.509306553136239
T1187,ColabFold,T1187TS446_4o,0.769,0.519,0.179,0.085815575533726,0.421098932389305,0.326228879615354,0.766,0.52,0.288785717022484,0.670721529462425,0.512307954926203
T1187,ColabFold,T1187TS446_3o,0.805,0.541,0.183,0.100864260195204,0.430254855603622,0.337564157199217,0.756,0.485,0.302385506796803,0.668878472338206,0.521979237069081
T1187,ColabFold,T1187TS446_2o,0.79,0.553,0.242,0.059241640622141,0.413221436749707,0.307866910247899,0.76,0.522,0.270351427081427,0.633681814823772,0.506337957833138
T1187,ColabFold,T1187TS446_1o,0.781,0.591,0.328,0.081728633924955,0.412139520365916,0.317892892860581,0.765,0.522,0.279777422616637,0.656215810379998,0.500051346910611
T1192,MultiFOLD,T1192TS462_5o,0.604,0.509,0,0.186487436241857,0.366007364777095,0.315406610679302,0.697,0.834,0.312075624161238,0.696687313834549,0.431755576518063
T1192,MultiFOLD,T1192TS462_4o,0.755,0.757,0,0.214754895289139,0.40407882694342,0.346993461488373,0.776,0.843,0.340672263526092,0.714261038698575,0.46688821796228
T1192,MultiFOLD,T1192TS462_3o,0.835,0.821,0,0.213941558208035,0.402869400278344,0.34575030899092,0.773,0.839,0.336630038805357,0.710087899815192,0.462581933518896
T1192,MultiFOLD,T1192TS462_2o,0.813,0.822,0,0.214310758444132,0.416227176441641,0.341530883257182,0.768,0.839,0.336715505629421,0.705616581683528,0.471326450961094
T1192,MultiFOLD,T1192TS462_1o,0.796,0.845,0,0.216342814687603,0.406981625639266,0.349032030217913,0.779,0.834,0.340354209791735,0.714583300864362,0.467446750426177
